Benchmark,Mode,Version,Model,Type,Size,List Name,Unordered Pairs Before,Unordered Pairs After,Unordered Neighbors Before,Unordered Neighbors After,Missing Items,Additional Items,Length Difference,Parsed,Cropped,Unordered Pairs (%),Unordered Neighbors (%),Missing Items (%),Additional Items (%),Absolute Length Difference (%),Validity Score,Sorting Score,Faithfulness Score,SortBench Score
sortbench,basic,v1.0,gpt-4o,Int-0:1000,128,list_1,4035.0,0.0,59.0,0.0,1.0,0.0,1.0,True,False,0.0,0.0,0.0078125,0.0,0.0078125,1.0,1.0,0.99609375,0.998046875
sortbench,basic,v1.0,gpt-4o,Int-0:1000,128,list_2,4423.0,0.0,62.0,0.0,0.0,0.0,0.0,True,False,0.0,0.0,0.0,0.0,0.0,1.0,1.0,1.0,1.0
sortbench,basic,v1.0,gpt-4o,Int-0:1000,128,list_3,4428.0,0.0,64.0,0.0,0.0,0.0,0.0,True,False,0.0,0.0,0.0,0.0,0.0,1.0,1.0,1.0,1.0
sortbench,basic,v1.0,gpt-4o,Int-0:1000,128,list_4,3815.0,0.0,59.0,0.0,0.0,0.0,0.0,True,False,0.0,0.0,0.0,0.0,0.0,1.0,1.0,1.0,1.0
sortbench,basic,v1.0,gpt-4o,Int-0:1000,128,list_5,4060.0,2.0,61.0,1.0,0.0,0.0,0.0,True,False,0.00024606299212598425,0.0078125,0.0,0.0,0.0,1.0,0.995970718503937,1.0,0.9979853592519685
sortbench,basic,v1.0,gpt-4o,Int-0:1000,128,list_6,4103.0,0.0,70.0,0.0,0.0,0.0,0.0,True,False,0.0,0.0,0.0,0.0,0.0,1.0,1.0,1.0,1.0
sortbench,basic,v1.0,gpt-4o,Int-0:1000,128,list_7,4477.0,0.0,59.0,0.0,0.0,0.0,0.0,True,False,0.0,0.0,0.0,0.0,0.0,1.0,1.0,1.0,1.0
sortbench,basic,v1.0,gpt-4o,Int-0:1000,128,list_8,4246.0,0.0,62.0,0.0,0.0,0.0,0.0,True,False,0.0,0.0,0.0,0.0,0.0,1.0,1.0,1.0,1.0
sortbench,basic,v1.0,gpt-4o,Int-0:1000,128,list_9,4093.0,0.0,63.0,0.0,0.0,0.0,0.0,True,False,0.0,0.0,0.0,0.0,0.0,1.0,1.0,1.0,1.0
sortbench,basic,v1.0,gpt-4o,Int-0:1000,128,list_10,4175.0,0.0,61.0,0.0,1.0,0.0,1.0,True,False,0.0,0.0,0.0078125,0.0,0.0078125,1.0,1.0,0.99609375,0.998046875
sortbench,basic,v1.0,gpt-4o-mini,Int-0:1000,128,list_1,4035.0,2.0,59.0,1.0,2.0,7.0,-5.0,True,False,0.00024606299212598425,0.0078125,0.015625,0.0546875,0.0390625,1.0,0.995970718503937,0.96484375,0.9804072342519685
sortbench,basic,v1.0,gpt-4o-mini,Int-0:1000,128,list_2,4423.0,0.0,62.0,0.0,2.0,4.0,-2.0,True,False,0.0,0.0,0.015625,0.03125,0.015625,1.0,1.0,0.9765625,0.98828125
sortbench,basic,v1.0,gpt-4o-mini,Int-0:1000,128,list_3,4428.0,0.0,64.0,0.0,2.0,2.0,0.0,True,False,0.0,0.0,0.015625,0.015625,0.0,1.0,1.0,0.984375,0.9921875
sortbench,basic,v1.0,gpt-4o-mini,Int-0:1000,128,list_4,3815.0,0.0,59.0,0.0,3.0,5.0,-2.0,True,False,0.0,0.0,0.0234375,0.0390625,0.015625,1.0,1.0,0.96875,0.984375
sortbench,basic,v1.0,gpt-4o-mini,Int-0:1000,128,list_5,4060.0,1.0,61.0,1.0,8.0,7.0,1.0,True,False,0.00012303149606299212,0.0078125,0.0625,0.0546875,0.0078125,1.0,0.9960322342519685,0.94140625,0.9687192421259843
sortbench,basic,v1.0,gpt-4o-mini,Int-0:1000,128,list_6,4103.0,0.0,70.0,0.0,4.0,2.0,2.0,True,False,0.0,0.0,0.03125,0.015625,0.015625,1.0,1.0,0.9765625,0.98828125
sortbench,basic,v1.0,gpt-4o-mini,Int-0:1000,128,list_7,4477.0,1.0,59.0,1.0,1.0,6.0,-5.0,True,False,0.00012303149606299212,0.0078125,0.0078125,0.046875,0.0390625,1.0,0.9960322342519685,0.97265625,0.9843442421259843
sortbench,basic,v1.0,gpt-4o-mini,Int-0:1000,128,list_8,,,,,,,,False,False,,,,,,0.0,,,
sortbench,basic,v1.0,gpt-4o-mini,Int-0:1000,128,list_9,4093.0,0.0,63.0,0.0,5.0,4.0,1.0,True,False,0.0,0.0,0.0390625,0.03125,0.0078125,1.0,1.0,0.96484375,0.982421875
sortbench,basic,v1.0,gpt-4o-mini,Int-0:1000,128,list_10,4175.0,0.0,61.0,0.0,2.0,5.0,-3.0,True,False,0.0,0.0,0.015625,0.0390625,0.0234375,1.0,1.0,0.97265625,0.986328125
sortbench,basic,v1.0,gpt-4o,Int-0:1000,2,list_1,1.0,0.0,1.0,0.0,0.0,0.0,0.0,True,False,0.0,0.0,0.0,0.0,0.0,1.0,1.0,1.0,1.0
sortbench,basic,v1.0,gpt-4o,Int-0:1000,2,list_2,1.0,0.0,1.0,0.0,0.0,0.0,0.0,True,False,0.0,0.0,0.0,0.0,0.0,1.0,1.0,1.0,1.0
sortbench,basic,v1.0,gpt-4o,Int-0:1000,2,list_3,1.0,0.0,1.0,0.0,0.0,0.0,0.0,True,False,0.0,0.0,0.0,0.0,0.0,1.0,1.0,1.0,1.0
sortbench,basic,v1.0,gpt-4o,Int-0:1000,2,list_4,1.0,0.0,1.0,0.0,0.0,0.0,0.0,True,False,0.0,0.0,0.0,0.0,0.0,1.0,1.0,1.0,1.0
sortbench,basic,v1.0,gpt-4o,Int-0:1000,2,list_5,1.0,0.0,1.0,0.0,0.0,0.0,0.0,True,False,0.0,0.0,0.0,0.0,0.0,1.0,1.0,1.0,1.0
sortbench,basic,v1.0,gpt-4o,Int-0:1000,2,list_6,0.0,0.0,0.0,0.0,0.0,0.0,0.0,True,False,0.0,0.0,0.0,0.0,0.0,1.0,1.0,1.0,1.0
sortbench,basic,v1.0,gpt-4o,Int-0:1000,2,list_7,0.0,0.0,0.0,0.0,0.0,0.0,0.0,True,False,0.0,0.0,0.0,0.0,0.0,1.0,1.0,1.0,1.0
sortbench,basic,v1.0,gpt-4o,Int-0:1000,2,list_8,0.0,0.0,0.0,0.0,0.0,0.0,0.0,True,False,0.0,0.0,0.0,0.0,0.0,1.0,1.0,1.0,1.0
sortbench,basic,v1.0,gpt-4o,Int-0:1000,2,list_9,1.0,0.0,1.0,0.0,0.0,0.0,0.0,True,False,0.0,0.0,0.0,0.0,0.0,1.0,1.0,1.0,1.0
sortbench,basic,v1.0,gpt-4o,Int-0:1000,2,list_10,1.0,0.0,1.0,0.0,0.0,0.0,0.0,True,False,0.0,0.0,0.0,0.0,0.0,1.0,1.0,1.0,1.0
sortbench,basic,v1.0,gpt-4o-mini,Int-0:1000,2,list_1,1.0,0.0,1.0,0.0,0.0,0.0,0.0,True,False,0.0,0.0,0.0,0.0,0.0,1.0,1.0,1.0,1.0
sortbench,basic,v1.0,gpt-4o-mini,Int-0:1000,2,list_2,1.0,0.0,1.0,0.0,0.0,0.0,0.0,True,False,0.0,0.0,0.0,0.0,0.0,1.0,1.0,1.0,1.0
sortbench,basic,v1.0,gpt-4o-mini,Int-0:1000,2,list_3,1.0,0.0,1.0,0.0,0.0,0.0,0.0,True,False,0.0,0.0,0.0,0.0,0.0,1.0,1.0,1.0,1.0
sortbench,basic,v1.0,gpt-4o-mini,Int-0:1000,2,list_4,1.0,0.0,1.0,0.0,0.0,0.0,0.0,True,False,0.0,0.0,0.0,0.0,0.0,1.0,1.0,1.0,1.0
sortbench,basic,v1.0,gpt-4o-mini,Int-0:1000,2,list_5,1.0,0.0,1.0,0.0,0.0,0.0,0.0,True,False,0.0,0.0,0.0,0.0,0.0,1.0,1.0,1.0,1.0
sortbench,basic,v1.0,gpt-4o-mini,Int-0:1000,2,list_6,0.0,0.0,0.0,0.0,0.0,0.0,0.0,True,False,0.0,0.0,0.0,0.0,0.0,1.0,1.0,1.0,1.0
sortbench,basic,v1.0,gpt-4o-mini,Int-0:1000,2,list_7,0.0,0.0,0.0,0.0,0.0,0.0,0.0,True,False,0.0,0.0,0.0,0.0,0.0,1.0,1.0,1.0,1.0
sortbench,basic,v1.0,gpt-4o-mini,Int-0:1000,2,list_8,0.0,0.0,0.0,0.0,0.0,0.0,0.0,True,False,0.0,0.0,0.0,0.0,0.0,1.0,1.0,1.0,1.0
sortbench,basic,v1.0,gpt-4o-mini,Int-0:1000,2,list_9,1.0,0.0,1.0,0.0,0.0,0.0,0.0,True,False,0.0,0.0,0.0,0.0,0.0,1.0,1.0,1.0,1.0
sortbench,basic,v1.0,gpt-4o-mini,Int-0:1000,2,list_10,1.0,0.0,1.0,0.0,0.0,0.0,0.0,True,False,0.0,0.0,0.0,0.0,0.0,1.0,1.0,1.0,1.0
sortbench,basic,v1.0,gpt-4o,Float-0:1000,256,list_1,16504.0,0.0,127.0,0.0,0.0,0.0,0.0,True,False,0.0,0.0,0.0,0.0,0.0,1.0,1.0,1.0,1.0
sortbench,basic,v1.0,gpt-4o,Float-0:1000,256,list_2,16920.0,1.0,131.0,1.0,0.0,0.0,0.0,True,False,3.0637254901960784e-05,0.00390625,0.0,0.0,0.0,1.0,0.998031556372549,1.0,0.9990157781862745
sortbench,basic,v1.0,gpt-4o,Float-0:1000,256,list_3,16541.0,0.0,131.0,0.0,1.0,0.0,1.0,True,False,0.0,0.0,0.00390625,0.0,0.00390625,1.0,1.0,0.998046875,0.9990234375
sortbench,basic,v1.0,gpt-4o,Float-0:1000,256,list_4,15980.0,0.0,127.0,0.0,1.0,1.0,0.0,True,False,0.0,0.0,0.00390625,0.00390625,0.0,1.0,1.0,0.99609375,0.998046875
sortbench,basic,v1.0,gpt-4o,Float-0:1000,256,list_5,15625.0,0.0,132.0,0.0,1.0,0.0,1.0,True,False,0.0,0.0,0.00390625,0.0,0.00390625,1.0,1.0,0.998046875,0.9990234375
sortbench,basic,v1.0,gpt-4o,Float-0:1000,256,list_6,16331.0,0.0,142.0,0.0,0.0,0.0,0.0,True,False,0.0,0.0,0.0,0.0,0.0,1.0,1.0,1.0,1.0
sortbench,basic,v1.0,gpt-4o,Float-0:1000,256,list_7,16186.0,0.0,128.0,0.0,0.0,0.0,0.0,True,False,0.0,0.0,0.0,0.0,0.0,1.0,1.0,1.0,1.0
sortbench,basic,v1.0,gpt-4o,Float-0:1000,256,list_8,16955.0,0.0,127.0,0.0,0.0,0.0,0.0,True,False,0.0,0.0,0.0,0.0,0.0,1.0,1.0,1.0,1.0
sortbench,basic,v1.0,gpt-4o,Float-0:1000,256,list_9,16923.0,0.0,128.0,0.0,0.0,0.0,0.0,True,False,0.0,0.0,0.0,0.0,0.0,1.0,1.0,1.0,1.0
sortbench,basic,v1.0,gpt-4o,Float-0:1000,256,list_10,16307.0,1.0,115.0,1.0,0.0,0.0,0.0,True,False,3.0637254901960784e-05,0.00390625,0.0,0.0,0.0,1.0,0.998031556372549,1.0,0.9990157781862745
sortbench,basic,v1.0,gpt-4o-mini,Float-0:1000,256,list_1,16504.0,3.0,127.0,3.0,16.0,1.0,15.0,True,False,9.191176470588235e-05,0.01171875,0.0625,0.00390625,0.05859375,1.0,0.9940946691176471,0.966796875,0.9804457720588236
sortbench,basic,v1.0,gpt-4o-mini,Float-0:1000,256,list_2,16920.0,6.0,131.0,5.0,21.0,5.0,16.0,True,False,0.0001838235294117647,0.01953125,0.08203125,0.01953125,0.0625,1.0,0.9901424632352941,0.94921875,0.9696806066176471
sortbench,basic,v1.0,gpt-4o-mini,Float-0:1000,256,list_3,16541.0,3.0,131.0,3.0,12.0,9.0,3.0,True,False,9.191176470588235e-05,0.01171875,0.046875,0.03515625,0.01171875,1.0,0.9940946691176471,0.958984375,0.9765395220588236
sortbench,basic,v1.0,gpt-4o-mini,Float-0:1000,256,list_4,15980.0,1.0,127.0,1.0,16.0,9.0,7.0,True,False,3.0637254901960784e-05,0.00390625,0.0625,0.03515625,0.02734375,1.0,0.998031556372549,0.951171875,0.9746017156862745
sortbench,basic,v1.0,gpt-4o-mini,Float-0:1000,256,list_5,15625.0,4.0,132.0,4.0,12.0,5.0,7.0,True,False,0.00012254901960784314,0.015625,0.046875,0.01953125,0.02734375,1.0,0.9921262254901961,0.966796875,0.9794615502450981
sortbench,basic,v1.0,gpt-4o-mini,Float-0:1000,256,list_6,16331.0,4.0,142.0,2.0,14.0,10.0,4.0,True,False,0.00012254901960784314,0.0078125,0.0546875,0.0390625,0.015625,1.0,0.9960324754901961,0.953125,0.9745787377450981
sortbench,basic,v1.0,gpt-4o-mini,Float-0:1000,256,list_7,16186.0,7.0,128.0,4.0,14.0,4.0,10.0,True,False,0.0002144607843137255,0.015625,0.0546875,0.015625,0.0390625,1.0,0.9920802696078431,0.96484375,0.9784620098039216
sortbench,basic,v1.0,gpt-4o-mini,Float-0:1000,256,list_8,16955.0,3.0,127.0,3.0,15.0,8.0,7.0,True,False,9.191176470588235e-05,0.01171875,0.05859375,0.03125,0.02734375,1.0,0.9940946691176471,0.955078125,0.9745863970588236
sortbench,basic,v1.0,gpt-4o-mini,Float-0:1000,256,list_9,16923.0,3.0,128.0,3.0,14.0,4.0,10.0,True,False,9.191176470588235e-05,0.01171875,0.0546875,0.015625,0.0390625,1.0,0.9940946691176471,0.96484375,0.9794692095588236
sortbench,basic,v1.0,gpt-4o-mini,Float-0:1000,256,list_10,16307.0,4.0,115.0,3.0,10.0,5.0,5.0,True,False,0.00012254901960784314,0.01171875,0.0390625,0.01953125,0.01953125,1.0,0.9940793504901961,0.970703125,0.9823912377450981
sortbench,basic,v1.0,gpt-4o,Int-0:1000,4,list_1,4.0,0.0,2.0,0.0,0.0,0.0,0.0,True,False,0.0,0.0,0.0,0.0,0.0,1.0,1.0,1.0,1.0
sortbench,basic,v1.0,gpt-4o,Int-0:1000,4,list_2,1.0,0.0,1.0,0.0,0.0,0.0,0.0,True,False,0.0,0.0,0.0,0.0,0.0,1.0,1.0,1.0,1.0
sortbench,basic,v1.0,gpt-4o,Int-0:1000,4,list_3,3.0,0.0,2.0,0.0,0.0,0.0,0.0,True,False,0.0,0.0,0.0,0.0,0.0,1.0,1.0,1.0,1.0
sortbench,basic,v1.0,gpt-4o,Int-0:1000,4,list_4,3.0,0.0,2.0,0.0,0.0,0.0,0.0,True,False,0.0,0.0,0.0,0.0,0.0,1.0,1.0,1.0,1.0
sortbench,basic,v1.0,gpt-4o,Int-0:1000,4,list_5,2.0,0.0,1.0,0.0,0.0,0.0,0.0,True,False,0.0,0.0,0.0,0.0,0.0,1.0,1.0,1.0,1.0
sortbench,basic,v1.0,gpt-4o,Int-0:1000,4,list_6,0.0,0.0,0.0,0.0,0.0,0.0,0.0,True,False,0.0,0.0,0.0,0.0,0.0,1.0,1.0,1.0,1.0
sortbench,basic,v1.0,gpt-4o,Int-0:1000,4,list_7,3.0,0.0,1.0,0.0,0.0,0.0,0.0,True,False,0.0,0.0,0.0,0.0,0.0,1.0,1.0,1.0,1.0
sortbench,basic,v1.0,gpt-4o,Int-0:1000,4,list_8,5.0,0.0,2.0,0.0,0.0,0.0,0.0,True,False,0.0,0.0,0.0,0.0,0.0,1.0,1.0,1.0,1.0
sortbench,basic,v1.0,gpt-4o,Int-0:1000,4,list_9,6.0,0.0,3.0,0.0,0.0,0.0,0.0,True,False,0.0,0.0,0.0,0.0,0.0,1.0,1.0,1.0,1.0
sortbench,basic,v1.0,gpt-4o,Int-0:1000,4,list_10,2.0,0.0,1.0,0.0,0.0,0.0,0.0,True,False,0.0,0.0,0.0,0.0,0.0,1.0,1.0,1.0,1.0
sortbench,basic,v1.0,gpt-4o-mini,Int-0:1000,4,list_1,4.0,0.0,2.0,0.0,0.0,0.0,0.0,True,False,0.0,0.0,0.0,0.0,0.0,1.0,1.0,1.0,1.0
sortbench,basic,v1.0,gpt-4o-mini,Int-0:1000,4,list_2,1.0,0.0,1.0,0.0,0.0,0.0,0.0,True,False,0.0,0.0,0.0,0.0,0.0,1.0,1.0,1.0,1.0
sortbench,basic,v1.0,gpt-4o-mini,Int-0:1000,4,list_3,3.0,0.0,2.0,0.0,0.0,0.0,0.0,True,False,0.0,0.0,0.0,0.0,0.0,1.0,1.0,1.0,1.0
sortbench,basic,v1.0,gpt-4o-mini,Int-0:1000,4,list_4,3.0,0.0,2.0,0.0,0.0,0.0,0.0,True,False,0.0,0.0,0.0,0.0,0.0,1.0,1.0,1.0,1.0
sortbench,basic,v1.0,gpt-4o-mini,Int-0:1000,4,list_5,2.0,0.0,1.0,0.0,0.0,0.0,0.0,True,False,0.0,0.0,0.0,0.0,0.0,1.0,1.0,1.0,1.0
sortbench,basic,v1.0,gpt-4o-mini,Int-0:1000,4,list_6,0.0,0.0,0.0,0.0,0.0,0.0,0.0,True,False,0.0,0.0,0.0,0.0,0.0,1.0,1.0,1.0,1.0
sortbench,basic,v1.0,gpt-4o-mini,Int-0:1000,4,list_7,3.0,0.0,1.0,0.0,0.0,0.0,0.0,True,False,0.0,0.0,0.0,0.0,0.0,1.0,1.0,1.0,1.0
sortbench,basic,v1.0,gpt-4o-mini,Int-0:1000,4,list_8,5.0,0.0,2.0,0.0,0.0,0.0,0.0,True,False,0.0,0.0,0.0,0.0,0.0,1.0,1.0,1.0,1.0
sortbench,basic,v1.0,gpt-4o-mini,Int-0:1000,4,list_9,6.0,0.0,3.0,0.0,0.0,0.0,0.0,True,False,0.0,0.0,0.0,0.0,0.0,1.0,1.0,1.0,1.0
sortbench,basic,v1.0,gpt-4o-mini,Int-0:1000,4,list_10,2.0,0.0,1.0,0.0,0.0,0.0,0.0,True,False,0.0,0.0,0.0,0.0,0.0,1.0,1.0,1.0,1.0
sortbench,basic,v1.0,gpt-4o,English,128,list_1,3926.0,22.0,59.0,8.0,4.0,1.0,3.0,True,False,0.0027066929133858267,0.0625,0.03125,0.0078125,0.0234375,1.0,0.9673966535433071,0.98046875,0.9739327017716535
sortbench,basic,v1.0,gpt-4o,English,128,list_2,4172.0,12.0,68.0,9.0,3.0,0.0,3.0,True,False,0.0014763779527559055,0.0703125,0.0234375,0.0,0.0234375,1.0,0.964105561023622,0.98828125,0.976193405511811
sortbench,basic,v1.0,gpt-4o,English,128,list_3,3926.0,13.0,66.0,10.0,2.0,2.0,0.0,True,False,0.0015994094488188976,0.078125,0.015625,0.015625,0.0,1.0,0.9601377952755905,0.984375,0.9722563976377953
sortbench,basic,v1.0,gpt-4o,English,128,list_4,4244.0,7.0,60.0,7.0,1.0,0.0,1.0,True,False,0.0008612204724409449,0.0546875,0.0078125,0.0,0.0078125,1.0,0.9722256397637795,0.99609375,0.9841596948818898
sortbench,basic,v1.0,gpt-4o,English,128,list_5,4674.0,17.0,69.0,12.0,5.0,0.0,5.0,True,False,0.0020915354330708663,0.09375,0.0390625,0.0,0.0390625,1.0,0.9520792322834646,0.98046875,0.9662739911417323
sortbench,basic,v1.0,gpt-4o,English,128,list_6,4002.0,8.0,64.0,6.0,5.0,1.0,4.0,True,False,0.000984251968503937,0.046875,0.0390625,0.0078125,0.03125,1.0,0.976070374015748,0.9765625,0.9763164370078741
sortbench,basic,v1.0,gpt-4o,English,128,list_7,4152.0,23.0,66.0,10.0,3.0,1.0,2.0,True,False,0.002829724409448819,0.078125,0.0234375,0.0078125,0.015625,1.0,0.9595226377952756,0.984375,0.9719488188976377
sortbench,basic,v1.0,gpt-4o,English,128,list_8,4178.0,7.0,59.0,7.0,0.0,0.0,0.0,True,False,0.0008612204724409449,0.0546875,0.0,0.0,0.0,1.0,0.9722256397637795,1.0,0.9861128198818898
sortbench,basic,v1.0,gpt-4o,English,128,list_9,3769.0,6.0,62.0,4.0,2.0,1.0,1.0,True,False,0.0007381889763779527,0.03125,0.015625,0.0078125,0.0078125,1.0,0.984005905511811,0.98828125,0.9861435777559056
sortbench,basic,v1.0,gpt-4o,English,128,list_10,3931.0,7.0,58.0,6.0,2.0,0.0,2.0,True,False,0.0008612204724409449,0.046875,0.015625,0.0,0.015625,1.0,0.9761318897637795,0.9921875,0.9841596948818898
sortbench,basic,v1.0,gpt-4o-mini,English,128,list_1,3926.0,33.0,59.0,21.0,15.0,9.0,6.0,True,False,0.00406003937007874,0.1640625,0.1171875,0.0703125,0.046875,1.0,0.9159387303149606,0.90625,0.9110943651574803
sortbench,basic,v1.0,gpt-4o-mini,English,128,list_2,4172.0,18.0,68.0,12.0,25.0,5.0,20.0,True,False,0.0022145669291338582,0.09375,0.1953125,0.0390625,0.15625,1.0,0.9520177165354331,0.8828125,0.9174151082677166
sortbench,basic,v1.0,gpt-4o-mini,English,128,list_3,3926.0,285.0,66.0,21.0,21.0,5.0,16.0,True,False,0.035063976377952756,0.1640625,0.1640625,0.0390625,0.125,1.0,0.9004367618110236,0.8984375,0.8994371309055118
sortbench,basic,v1.0,gpt-4o-mini,English,128,list_4,4244.0,38.0,60.0,19.0,30.0,20.0,10.0,True,False,0.004675196850393701,0.1484375,0.234375,0.15625,0.078125,1.0,0.9234436515748031,0.8046875,0.8640655757874016
sortbench,basic,v1.0,gpt-4o-mini,English,128,list_5,4674.0,23.0,69.0,16.0,25.0,0.0,25.0,True,False,0.002829724409448819,0.125,0.1953125,0.0,0.1953125,1.0,0.9360851377952756,0.90234375,0.9192144438976377
sortbench,basic,v1.0,gpt-4o-mini,English,128,list_6,4002.0,26.0,64.0,14.0,23.0,6.0,17.0,True,False,0.0031988188976377952,0.109375,0.1796875,0.046875,0.1328125,1.0,0.9437130905511811,0.88671875,0.9152159202755905
sortbench,basic,v1.0,gpt-4o-mini,English,128,list_7,4152.0,106.0,66.0,16.0,27.0,4.0,23.0,True,False,0.013041338582677165,0.125,0.2109375,0.03125,0.1796875,1.0,0.9309793307086615,0.87890625,0.9049427903543308
sortbench,basic,v1.0,gpt-4o-mini,English,128,list_8,4178.0,10.0,59.0,8.0,23.0,5.0,18.0,True,False,0.0012303149606299212,0.0625,0.1796875,0.0390625,0.140625,1.0,0.9681348425196851,0.890625,0.9293799212598426
sortbench,basic,v1.0,gpt-4o-mini,English,128,list_9,3769.0,26.0,62.0,15.0,27.0,1.0,26.0,True,False,0.0031988188976377952,0.1171875,0.2109375,0.0078125,0.203125,1.0,0.9398068405511811,0.890625,0.9152159202755905
sortbench,basic,v1.0,gpt-4o-mini,English,128,list_10,3931.0,26.0,58.0,11.0,33.0,6.0,27.0,True,False,0.0031988188976377952,0.0859375,0.2578125,0.046875,0.2109375,1.0,0.9554318405511811,0.84765625,0.9015440452755905
sortbench,basic,v1.0,gpt-4o,Float-0:1000,4,list_1,4.0,0.0,2.0,0.0,0.0,0.0,0.0,True,False,0.0,0.0,0.0,0.0,0.0,1.0,1.0,1.0,1.0
sortbench,basic,v1.0,gpt-4o,Float-0:1000,4,list_2,4.0,0.0,2.0,0.0,0.0,0.0,0.0,True,False,0.0,0.0,0.0,0.0,0.0,1.0,1.0,1.0,1.0
sortbench,basic,v1.0,gpt-4o,Float-0:1000,4,list_3,2.0,0.0,1.0,0.0,0.0,0.0,0.0,True,False,0.0,0.0,0.0,0.0,0.0,1.0,1.0,1.0,1.0
sortbench,basic,v1.0,gpt-4o,Float-0:1000,4,list_4,3.0,0.0,2.0,0.0,0.0,0.0,0.0,True,False,0.0,0.0,0.0,0.0,0.0,1.0,1.0,1.0,1.0
sortbench,basic,v1.0,gpt-4o,Float-0:1000,4,list_5,4.0,0.0,1.0,0.0,0.0,0.0,0.0,True,False,0.0,0.0,0.0,0.0,0.0,1.0,1.0,1.0,1.0
sortbench,basic,v1.0,gpt-4o,Float-0:1000,4,list_6,2.0,0.0,1.0,0.0,0.0,0.0,0.0,True,False,0.0,0.0,0.0,0.0,0.0,1.0,1.0,1.0,1.0
sortbench,basic,v1.0,gpt-4o,Float-0:1000,4,list_7,2.0,0.0,1.0,0.0,0.0,0.0,0.0,True,False,0.0,0.0,0.0,0.0,0.0,1.0,1.0,1.0,1.0
sortbench,basic,v1.0,gpt-4o,Float-0:1000,4,list_8,1.0,0.0,1.0,0.0,0.0,0.0,0.0,True,False,0.0,0.0,0.0,0.0,0.0,1.0,1.0,1.0,1.0
sortbench,basic,v1.0,gpt-4o,Float-0:1000,4,list_9,3.0,0.0,2.0,0.0,0.0,0.0,0.0,True,False,0.0,0.0,0.0,0.0,0.0,1.0,1.0,1.0,1.0
sortbench,basic,v1.0,gpt-4o,Float-0:1000,4,list_10,3.0,0.0,1.0,0.0,0.0,0.0,0.0,True,False,0.0,0.0,0.0,0.0,0.0,1.0,1.0,1.0,1.0
sortbench,basic,v1.0,gpt-4o-mini,Float-0:1000,4,list_1,4.0,0.0,2.0,0.0,0.0,0.0,0.0,True,False,0.0,0.0,0.0,0.0,0.0,1.0,1.0,1.0,1.0
sortbench,basic,v1.0,gpt-4o-mini,Float-0:1000,4,list_2,4.0,0.0,2.0,0.0,0.0,0.0,0.0,True,False,0.0,0.0,0.0,0.0,0.0,1.0,1.0,1.0,1.0
sortbench,basic,v1.0,gpt-4o-mini,Float-0:1000,4,list_3,2.0,0.0,1.0,0.0,0.0,0.0,0.0,True,False,0.0,0.0,0.0,0.0,0.0,1.0,1.0,1.0,1.0
sortbench,basic,v1.0,gpt-4o-mini,Float-0:1000,4,list_4,3.0,0.0,2.0,0.0,0.0,0.0,0.0,True,False,0.0,0.0,0.0,0.0,0.0,1.0,1.0,1.0,1.0
sortbench,basic,v1.0,gpt-4o-mini,Float-0:1000,4,list_5,4.0,0.0,1.0,0.0,0.0,0.0,0.0,True,False,0.0,0.0,0.0,0.0,0.0,1.0,1.0,1.0,1.0
sortbench,basic,v1.0,gpt-4o-mini,Float-0:1000,4,list_6,2.0,0.0,1.0,0.0,0.0,0.0,0.0,True,False,0.0,0.0,0.0,0.0,0.0,1.0,1.0,1.0,1.0
sortbench,basic,v1.0,gpt-4o-mini,Float-0:1000,4,list_7,2.0,0.0,1.0,0.0,0.0,0.0,0.0,True,False,0.0,0.0,0.0,0.0,0.0,1.0,1.0,1.0,1.0
sortbench,basic,v1.0,gpt-4o-mini,Float-0:1000,4,list_8,1.0,0.0,1.0,0.0,0.0,0.0,0.0,True,False,0.0,0.0,0.0,0.0,0.0,1.0,1.0,1.0,1.0
sortbench,basic,v1.0,gpt-4o-mini,Float-0:1000,4,list_9,3.0,0.0,2.0,0.0,0.0,0.0,0.0,True,False,0.0,0.0,0.0,0.0,0.0,1.0,1.0,1.0,1.0
sortbench,basic,v1.0,gpt-4o-mini,Float-0:1000,4,list_10,3.0,0.0,1.0,0.0,0.0,0.0,0.0,True,False,0.0,0.0,0.0,0.0,0.0,1.0,1.0,1.0,1.0
sortbench,basic,v1.0,gpt-4o,English,16,list_1,64.0,11.0,8.0,1.0,0.0,0.0,0.0,True,False,0.09166666666666666,0.0625,0.0,0.0,0.0,1.0,0.9229166666666666,1.0,0.9614583333333333
sortbench,basic,v1.0,gpt-4o,English,16,list_2,54.0,0.0,7.0,0.0,0.0,0.0,0.0,True,False,0.0,0.0,0.0,0.0,0.0,1.0,1.0,1.0,1.0
sortbench,basic,v1.0,gpt-4o,English,16,list_3,47.0,1.0,8.0,1.0,0.0,0.0,0.0,True,False,0.008333333333333333,0.0625,0.0,0.0,0.0,1.0,0.9645833333333333,1.0,0.9822916666666667
sortbench,basic,v1.0,gpt-4o,English,16,list_4,70.0,0.0,7.0,0.0,0.0,0.0,0.0,True,False,0.0,0.0,0.0,0.0,0.0,1.0,1.0,1.0,1.0
sortbench,basic,v1.0,gpt-4o,English,16,list_5,42.0,0.0,9.0,0.0,0.0,0.0,0.0,True,False,0.0,0.0,0.0,0.0,0.0,1.0,1.0,1.0,1.0
sortbench,basic,v1.0,gpt-4o,English,16,list_6,57.0,0.0,7.0,0.0,0.0,0.0,0.0,True,False,0.0,0.0,0.0,0.0,0.0,1.0,1.0,1.0,1.0
sortbench,basic,v1.0,gpt-4o,English,16,list_7,51.0,0.0,7.0,0.0,0.0,0.0,0.0,True,False,0.0,0.0,0.0,0.0,0.0,1.0,1.0,1.0,1.0
sortbench,basic,v1.0,gpt-4o,English,16,list_8,78.0,0.0,8.0,0.0,0.0,0.0,0.0,True,False,0.0,0.0,0.0,0.0,0.0,1.0,1.0,1.0,1.0
sortbench,basic,v1.0,gpt-4o,English,16,list_9,40.0,0.0,8.0,0.0,0.0,0.0,0.0,True,False,0.0,0.0,0.0,0.0,0.0,1.0,1.0,1.0,1.0
sortbench,basic,v1.0,gpt-4o,English,16,list_10,62.0,1.0,9.0,1.0,0.0,0.0,0.0,True,False,0.008333333333333333,0.0625,0.0,0.0,0.0,1.0,0.9645833333333333,1.0,0.9822916666666667
sortbench,basic,v1.0,gpt-4o-mini,English,16,list_1,64.0,1.0,8.0,1.0,0.0,0.0,0.0,True,False,0.008333333333333333,0.0625,0.0,0.0,0.0,1.0,0.9645833333333333,1.0,0.9822916666666667
sortbench,basic,v1.0,gpt-4o-mini,English,16,list_2,54.0,0.0,7.0,0.0,0.0,0.0,0.0,True,False,0.0,0.0,0.0,0.0,0.0,1.0,1.0,1.0,1.0
sortbench,basic,v1.0,gpt-4o-mini,English,16,list_3,47.0,2.0,8.0,2.0,0.0,0.0,0.0,True,False,0.016666666666666666,0.125,0.0,0.0,0.0,1.0,0.9291666666666667,1.0,0.9645833333333333
sortbench,basic,v1.0,gpt-4o-mini,English,16,list_4,70.0,0.0,7.0,0.0,0.0,0.0,0.0,True,False,0.0,0.0,0.0,0.0,0.0,1.0,1.0,1.0,1.0
sortbench,basic,v1.0,gpt-4o-mini,English,16,list_5,42.0,2.0,9.0,2.0,0.0,1.0,-1.0,True,False,0.016666666666666666,0.125,0.0,0.0625,0.0625,1.0,0.9291666666666667,0.96875,0.9489583333333333
sortbench,basic,v1.0,gpt-4o-mini,English,16,list_6,57.0,11.0,7.0,1.0,0.0,0.0,0.0,True,False,0.09166666666666666,0.0625,0.0,0.0,0.0,1.0,0.9229166666666666,1.0,0.9614583333333333
sortbench,basic,v1.0,gpt-4o-mini,English,16,list_7,51.0,1.0,7.0,1.0,0.0,0.0,0.0,True,False,0.008333333333333333,0.0625,0.0,0.0,0.0,1.0,0.9645833333333333,1.0,0.9822916666666667
sortbench,basic,v1.0,gpt-4o-mini,English,16,list_8,78.0,14.0,8.0,2.0,0.0,0.0,0.0,True,False,0.11666666666666667,0.125,0.0,0.0,0.0,1.0,0.8791666666666667,1.0,0.9395833333333333
sortbench,basic,v1.0,gpt-4o-mini,English,16,list_9,40.0,1.0,8.0,1.0,0.0,0.0,0.0,True,False,0.008333333333333333,0.0625,0.0,0.0,0.0,1.0,0.9645833333333333,1.0,0.9822916666666667
sortbench,basic,v1.0,gpt-4o-mini,English,16,list_10,62.0,7.0,9.0,2.0,0.0,0.0,0.0,True,False,0.058333333333333334,0.125,0.0,0.0,0.0,1.0,0.9083333333333333,1.0,0.9541666666666666
sortbench,basic,v1.0,gpt-4o,English,4,list_1,5.0,0.0,2.0,0.0,0.0,0.0,0.0,True,False,0.0,0.0,0.0,0.0,0.0,1.0,1.0,1.0,1.0
sortbench,basic,v1.0,gpt-4o,English,4,list_2,4.0,0.0,2.0,0.0,0.0,0.0,0.0,True,False,0.0,0.0,0.0,0.0,0.0,1.0,1.0,1.0,1.0
sortbench,basic,v1.0,gpt-4o,English,4,list_3,3.0,0.0,2.0,0.0,0.0,0.0,0.0,True,False,0.0,0.0,0.0,0.0,0.0,1.0,1.0,1.0,1.0
sortbench,basic,v1.0,gpt-4o,English,4,list_4,4.0,0.0,2.0,0.0,0.0,0.0,0.0,True,False,0.0,0.0,0.0,0.0,0.0,1.0,1.0,1.0,1.0
sortbench,basic,v1.0,gpt-4o,English,4,list_5,5.0,0.0,2.0,0.0,0.0,0.0,0.0,True,False,0.0,0.0,0.0,0.0,0.0,1.0,1.0,1.0,1.0
sortbench,basic,v1.0,gpt-4o,English,4,list_6,3.0,0.0,1.0,0.0,0.0,0.0,0.0,True,False,0.0,0.0,0.0,0.0,0.0,1.0,1.0,1.0,1.0
sortbench,basic,v1.0,gpt-4o,English,4,list_7,5.0,0.0,2.0,0.0,0.0,0.0,0.0,True,False,0.0,0.0,0.0,0.0,0.0,1.0,1.0,1.0,1.0
sortbench,basic,v1.0,gpt-4o,English,4,list_8,1.0,0.0,1.0,0.0,0.0,0.0,0.0,True,False,0.0,0.0,0.0,0.0,0.0,1.0,1.0,1.0,1.0
sortbench,basic,v1.0,gpt-4o,English,4,list_9,2.0,0.0,1.0,0.0,0.0,0.0,0.0,True,False,0.0,0.0,0.0,0.0,0.0,1.0,1.0,1.0,1.0
sortbench,basic,v1.0,gpt-4o,English,4,list_10,1.0,0.0,1.0,0.0,0.0,0.0,0.0,True,False,0.0,0.0,0.0,0.0,0.0,1.0,1.0,1.0,1.0
sortbench,basic,v1.0,gpt-4o-mini,English,4,list_1,5.0,0.0,2.0,0.0,0.0,0.0,0.0,True,False,0.0,0.0,0.0,0.0,0.0,1.0,1.0,1.0,1.0
sortbench,basic,v1.0,gpt-4o-mini,English,4,list_2,4.0,0.0,2.0,0.0,0.0,0.0,0.0,True,False,0.0,0.0,0.0,0.0,0.0,1.0,1.0,1.0,1.0
sortbench,basic,v1.0,gpt-4o-mini,English,4,list_3,3.0,0.0,2.0,0.0,0.0,0.0,0.0,True,False,0.0,0.0,0.0,0.0,0.0,1.0,1.0,1.0,1.0
sortbench,basic,v1.0,gpt-4o-mini,English,4,list_4,4.0,0.0,2.0,0.0,0.0,0.0,0.0,True,False,0.0,0.0,0.0,0.0,0.0,1.0,1.0,1.0,1.0
sortbench,basic,v1.0,gpt-4o-mini,English,4,list_5,5.0,0.0,2.0,0.0,0.0,0.0,0.0,True,False,0.0,0.0,0.0,0.0,0.0,1.0,1.0,1.0,1.0
sortbench,basic,v1.0,gpt-4o-mini,English,4,list_6,3.0,0.0,1.0,0.0,0.0,0.0,0.0,True,False,0.0,0.0,0.0,0.0,0.0,1.0,1.0,1.0,1.0
sortbench,basic,v1.0,gpt-4o-mini,English,4,list_7,5.0,0.0,2.0,0.0,0.0,0.0,0.0,True,False,0.0,0.0,0.0,0.0,0.0,1.0,1.0,1.0,1.0
sortbench,basic,v1.0,gpt-4o-mini,English,4,list_8,1.0,0.0,1.0,0.0,0.0,0.0,0.0,True,False,0.0,0.0,0.0,0.0,0.0,1.0,1.0,1.0,1.0
sortbench,basic,v1.0,gpt-4o-mini,English,4,list_9,2.0,0.0,1.0,0.0,0.0,0.0,0.0,True,False,0.0,0.0,0.0,0.0,0.0,1.0,1.0,1.0,1.0
sortbench,basic,v1.0,gpt-4o-mini,English,4,list_10,1.0,0.0,1.0,0.0,0.0,0.0,0.0,True,False,0.0,0.0,0.0,0.0,0.0,1.0,1.0,1.0,1.0
sortbench,basic,v1.0,gpt-4o,English,4,list_1,5.0,0.0,2.0,0.0,0.0,0.0,0.0,True,False,0.0,0.0,0.0,0.0,0.0,1.0,1.0,1.0,1.0
sortbench,basic,v1.0,gpt-4o,English,4,list_2,4.0,0.0,2.0,0.0,0.0,0.0,0.0,True,False,0.0,0.0,0.0,0.0,0.0,1.0,1.0,1.0,1.0
sortbench,basic,v1.0,gpt-4o,English,4,list_3,3.0,0.0,2.0,0.0,0.0,0.0,0.0,True,False,0.0,0.0,0.0,0.0,0.0,1.0,1.0,1.0,1.0
sortbench,basic,v1.0,gpt-4o,English,4,list_4,4.0,0.0,2.0,0.0,0.0,0.0,0.0,True,False,0.0,0.0,0.0,0.0,0.0,1.0,1.0,1.0,1.0
sortbench,basic,v1.0,gpt-4o,English,4,list_5,5.0,0.0,2.0,0.0,0.0,0.0,0.0,True,False,0.0,0.0,0.0,0.0,0.0,1.0,1.0,1.0,1.0
sortbench,basic,v1.0,gpt-4o,English,4,list_6,3.0,0.0,1.0,0.0,0.0,0.0,0.0,True,False,0.0,0.0,0.0,0.0,0.0,1.0,1.0,1.0,1.0
sortbench,basic,v1.0,gpt-4o,English,4,list_7,5.0,0.0,2.0,0.0,0.0,0.0,0.0,True,False,0.0,0.0,0.0,0.0,0.0,1.0,1.0,1.0,1.0
sortbench,basic,v1.0,gpt-4o,English,4,list_8,1.0,0.0,1.0,0.0,0.0,0.0,0.0,True,False,0.0,0.0,0.0,0.0,0.0,1.0,1.0,1.0,1.0
sortbench,basic,v1.0,gpt-4o,English,4,list_9,2.0,0.0,1.0,0.0,0.0,0.0,0.0,True,False,0.0,0.0,0.0,0.0,0.0,1.0,1.0,1.0,1.0
sortbench,basic,v1.0,gpt-4o,English,4,list_10,1.0,0.0,1.0,0.0,0.0,0.0,0.0,True,False,0.0,0.0,0.0,0.0,0.0,1.0,1.0,1.0,1.0
sortbench,basic,v1.0,gpt-4o-mini,English,4,list_1,5.0,0.0,2.0,0.0,0.0,0.0,0.0,True,False,0.0,0.0,0.0,0.0,0.0,1.0,1.0,1.0,1.0
sortbench,basic,v1.0,gpt-4o-mini,English,4,list_2,4.0,0.0,2.0,0.0,0.0,0.0,0.0,True,False,0.0,0.0,0.0,0.0,0.0,1.0,1.0,1.0,1.0
sortbench,basic,v1.0,gpt-4o-mini,English,4,list_3,3.0,0.0,2.0,0.0,0.0,0.0,0.0,True,False,0.0,0.0,0.0,0.0,0.0,1.0,1.0,1.0,1.0
sortbench,basic,v1.0,gpt-4o-mini,English,4,list_4,4.0,0.0,2.0,0.0,0.0,0.0,0.0,True,False,0.0,0.0,0.0,0.0,0.0,1.0,1.0,1.0,1.0
sortbench,basic,v1.0,gpt-4o-mini,English,4,list_5,5.0,0.0,2.0,0.0,0.0,0.0,0.0,True,False,0.0,0.0,0.0,0.0,0.0,1.0,1.0,1.0,1.0
sortbench,basic,v1.0,gpt-4o-mini,English,4,list_6,3.0,0.0,1.0,0.0,0.0,0.0,0.0,True,False,0.0,0.0,0.0,0.0,0.0,1.0,1.0,1.0,1.0
sortbench,basic,v1.0,gpt-4o-mini,English,4,list_7,5.0,0.0,2.0,0.0,0.0,0.0,0.0,True,False,0.0,0.0,0.0,0.0,0.0,1.0,1.0,1.0,1.0
sortbench,basic,v1.0,gpt-4o-mini,English,4,list_8,1.0,0.0,1.0,0.0,0.0,0.0,0.0,True,False,0.0,0.0,0.0,0.0,0.0,1.0,1.0,1.0,1.0
sortbench,basic,v1.0,gpt-4o-mini,English,4,list_9,2.0,0.0,1.0,0.0,0.0,0.0,0.0,True,False,0.0,0.0,0.0,0.0,0.0,1.0,1.0,1.0,1.0
sortbench,basic,v1.0,gpt-4o-mini,English,4,list_10,1.0,0.0,1.0,0.0,0.0,0.0,0.0,True,False,0.0,0.0,0.0,0.0,0.0,1.0,1.0,1.0,1.0
sortbench,basic,v1.0,gpt-4o,English,4,list_1,5.0,0.0,2.0,0.0,0.0,0.0,0.0,True,False,0.0,0.0,0.0,0.0,0.0,1.0,1.0,1.0,1.0
sortbench,basic,v1.0,gpt-4o,English,4,list_2,4.0,0.0,2.0,0.0,0.0,0.0,0.0,True,False,0.0,0.0,0.0,0.0,0.0,1.0,1.0,1.0,1.0
sortbench,basic,v1.0,gpt-4o,English,4,list_3,3.0,0.0,2.0,0.0,0.0,0.0,0.0,True,False,0.0,0.0,0.0,0.0,0.0,1.0,1.0,1.0,1.0
sortbench,basic,v1.0,gpt-4o,English,4,list_4,4.0,0.0,2.0,0.0,0.0,0.0,0.0,True,False,0.0,0.0,0.0,0.0,0.0,1.0,1.0,1.0,1.0
sortbench,basic,v1.0,gpt-4o,English,4,list_5,5.0,0.0,2.0,0.0,0.0,0.0,0.0,True,False,0.0,0.0,0.0,0.0,0.0,1.0,1.0,1.0,1.0
sortbench,basic,v1.0,gpt-4o,English,4,list_6,3.0,0.0,1.0,0.0,0.0,0.0,0.0,True,False,0.0,0.0,0.0,0.0,0.0,1.0,1.0,1.0,1.0
sortbench,basic,v1.0,gpt-4o,English,4,list_7,5.0,0.0,2.0,0.0,0.0,0.0,0.0,True,False,0.0,0.0,0.0,0.0,0.0,1.0,1.0,1.0,1.0
sortbench,basic,v1.0,gpt-4o,English,4,list_8,1.0,0.0,1.0,0.0,0.0,0.0,0.0,True,False,0.0,0.0,0.0,0.0,0.0,1.0,1.0,1.0,1.0
sortbench,basic,v1.0,gpt-4o,English,4,list_9,2.0,0.0,1.0,0.0,0.0,0.0,0.0,True,False,0.0,0.0,0.0,0.0,0.0,1.0,1.0,1.0,1.0
sortbench,basic,v1.0,gpt-4o,English,4,list_10,1.0,0.0,1.0,0.0,0.0,0.0,0.0,True,False,0.0,0.0,0.0,0.0,0.0,1.0,1.0,1.0,1.0
sortbench,basic,v1.0,gpt-4o-mini,English,4,list_1,5.0,0.0,2.0,0.0,0.0,0.0,0.0,True,False,0.0,0.0,0.0,0.0,0.0,1.0,1.0,1.0,1.0
sortbench,basic,v1.0,gpt-4o-mini,English,4,list_2,4.0,0.0,2.0,0.0,0.0,0.0,0.0,True,False,0.0,0.0,0.0,0.0,0.0,1.0,1.0,1.0,1.0
sortbench,basic,v1.0,gpt-4o-mini,English,4,list_3,3.0,0.0,2.0,0.0,0.0,0.0,0.0,True,False,0.0,0.0,0.0,0.0,0.0,1.0,1.0,1.0,1.0
sortbench,basic,v1.0,gpt-4o-mini,English,4,list_4,4.0,0.0,2.0,0.0,0.0,0.0,0.0,True,False,0.0,0.0,0.0,0.0,0.0,1.0,1.0,1.0,1.0
sortbench,basic,v1.0,gpt-4o-mini,English,4,list_5,5.0,0.0,2.0,0.0,0.0,0.0,0.0,True,False,0.0,0.0,0.0,0.0,0.0,1.0,1.0,1.0,1.0
sortbench,basic,v1.0,gpt-4o-mini,English,4,list_6,3.0,0.0,1.0,0.0,0.0,0.0,0.0,True,False,0.0,0.0,0.0,0.0,0.0,1.0,1.0,1.0,1.0
sortbench,basic,v1.0,gpt-4o-mini,English,4,list_7,5.0,0.0,2.0,0.0,0.0,0.0,0.0,True,False,0.0,0.0,0.0,0.0,0.0,1.0,1.0,1.0,1.0
sortbench,basic,v1.0,gpt-4o-mini,English,4,list_8,1.0,0.0,1.0,0.0,0.0,0.0,0.0,True,False,0.0,0.0,0.0,0.0,0.0,1.0,1.0,1.0,1.0
sortbench,basic,v1.0,gpt-4o-mini,English,4,list_9,2.0,0.0,1.0,0.0,0.0,0.0,0.0,True,False,0.0,0.0,0.0,0.0,0.0,1.0,1.0,1.0,1.0
sortbench,basic,v1.0,gpt-4o-mini,English,4,list_10,1.0,0.0,1.0,0.0,0.0,0.0,0.0,True,False,0.0,0.0,0.0,0.0,0.0,1.0,1.0,1.0,1.0
sortbench,basic,v1.0,gpt-4o,English,8,list_1,25.0,0.0,5.0,0.0,0.0,0.0,0.0,True,False,0.0,0.0,0.0,0.0,0.0,1.0,1.0,1.0,1.0
sortbench,basic,v1.0,gpt-4o,English,8,list_2,6.0,0.0,3.0,0.0,0.0,0.0,0.0,True,False,0.0,0.0,0.0,0.0,0.0,1.0,1.0,1.0,1.0
sortbench,basic,v1.0,gpt-4o,English,8,list_3,15.0,0.0,6.0,0.0,0.0,0.0,0.0,True,False,0.0,0.0,0.0,0.0,0.0,1.0,1.0,1.0,1.0
sortbench,basic,v1.0,gpt-4o,English,8,list_4,11.0,0.0,3.0,0.0,0.0,0.0,0.0,True,False,0.0,0.0,0.0,0.0,0.0,1.0,1.0,1.0,1.0
sortbench,basic,v1.0,gpt-4o,English,8,list_5,22.0,0.0,4.0,0.0,0.0,0.0,0.0,True,False,0.0,0.0,0.0,0.0,0.0,1.0,1.0,1.0,1.0
sortbench,basic,v1.0,gpt-4o,English,8,list_6,21.0,0.0,5.0,0.0,0.0,0.0,0.0,True,False,0.0,0.0,0.0,0.0,0.0,1.0,1.0,1.0,1.0
sortbench,basic,v1.0,gpt-4o,English,8,list_7,18.0,0.0,4.0,0.0,0.0,0.0,0.0,True,False,0.0,0.0,0.0,0.0,0.0,1.0,1.0,1.0,1.0
sortbench,basic,v1.0,gpt-4o,English,8,list_8,19.0,1.0,5.0,1.0,0.0,0.0,0.0,True,False,0.03571428571428571,0.125,0.0,0.0,0.0,1.0,0.9196428571428572,1.0,0.9598214285714286
sortbench,basic,v1.0,gpt-4o,English,8,list_9,7.0,0.0,4.0,0.0,0.0,0.0,0.0,True,False,0.0,0.0,0.0,0.0,0.0,1.0,1.0,1.0,1.0
sortbench,basic,v1.0,gpt-4o,English,8,list_10,18.0,0.0,3.0,0.0,0.0,0.0,0.0,True,False,0.0,0.0,0.0,0.0,0.0,1.0,1.0,1.0,1.0
sortbench,basic,v1.0,gpt-4o-mini,English,8,list_1,25.0,0.0,5.0,0.0,0.0,0.0,0.0,True,False,0.0,0.0,0.0,0.0,0.0,1.0,1.0,1.0,1.0
sortbench,basic,v1.0,gpt-4o-mini,English,8,list_2,6.0,0.0,3.0,0.0,0.0,0.0,0.0,True,False,0.0,0.0,0.0,0.0,0.0,1.0,1.0,1.0,1.0
sortbench,basic,v1.0,gpt-4o-mini,English,8,list_3,15.0,0.0,6.0,0.0,0.0,0.0,0.0,True,False,0.0,0.0,0.0,0.0,0.0,1.0,1.0,1.0,1.0
sortbench,basic,v1.0,gpt-4o-mini,English,8,list_4,11.0,1.0,3.0,1.0,0.0,0.0,0.0,True,False,0.03571428571428571,0.125,0.0,0.0,0.0,1.0,0.9196428571428572,1.0,0.9598214285714286
sortbench,basic,v1.0,gpt-4o-mini,English,8,list_5,22.0,0.0,4.0,0.0,0.0,0.0,0.0,True,False,0.0,0.0,0.0,0.0,0.0,1.0,1.0,1.0,1.0
sortbench,basic,v1.0,gpt-4o-mini,English,8,list_6,21.0,0.0,5.0,0.0,0.0,0.0,0.0,True,False,0.0,0.0,0.0,0.0,0.0,1.0,1.0,1.0,1.0
sortbench,basic,v1.0,gpt-4o-mini,English,8,list_7,18.0,0.0,4.0,0.0,0.0,0.0,0.0,True,False,0.0,0.0,0.0,0.0,0.0,1.0,1.0,1.0,1.0
sortbench,basic,v1.0,gpt-4o-mini,English,8,list_8,19.0,0.0,5.0,0.0,0.0,0.0,0.0,True,False,0.0,0.0,0.0,0.0,0.0,1.0,1.0,1.0,1.0
sortbench,basic,v1.0,gpt-4o-mini,English,8,list_9,7.0,0.0,4.0,0.0,0.0,0.0,0.0,True,False,0.0,0.0,0.0,0.0,0.0,1.0,1.0,1.0,1.0
sortbench,basic,v1.0,gpt-4o-mini,English,8,list_10,18.0,0.0,3.0,0.0,0.0,0.0,0.0,True,False,0.0,0.0,0.0,0.0,0.0,1.0,1.0,1.0,1.0
sortbench,basic,v1.0,gpt-4o,English,8,list_1,25.0,0.0,5.0,0.0,0.0,0.0,0.0,True,False,0.0,0.0,0.0,0.0,0.0,1.0,1.0,1.0,1.0
sortbench,basic,v1.0,gpt-4o,English,8,list_2,6.0,0.0,3.0,0.0,0.0,0.0,0.0,True,False,0.0,0.0,0.0,0.0,0.0,1.0,1.0,1.0,1.0
sortbench,basic,v1.0,gpt-4o,English,8,list_3,15.0,0.0,6.0,0.0,0.0,0.0,0.0,True,False,0.0,0.0,0.0,0.0,0.0,1.0,1.0,1.0,1.0
sortbench,basic,v1.0,gpt-4o,English,8,list_4,11.0,0.0,3.0,0.0,0.0,0.0,0.0,True,False,0.0,0.0,0.0,0.0,0.0,1.0,1.0,1.0,1.0
sortbench,basic,v1.0,gpt-4o,English,8,list_5,22.0,0.0,4.0,0.0,0.0,0.0,0.0,True,False,0.0,0.0,0.0,0.0,0.0,1.0,1.0,1.0,1.0
sortbench,basic,v1.0,gpt-4o,English,8,list_6,21.0,0.0,5.0,0.0,0.0,0.0,0.0,True,False,0.0,0.0,0.0,0.0,0.0,1.0,1.0,1.0,1.0
sortbench,basic,v1.0,gpt-4o,English,8,list_7,18.0,0.0,4.0,0.0,0.0,0.0,0.0,True,False,0.0,0.0,0.0,0.0,0.0,1.0,1.0,1.0,1.0
sortbench,basic,v1.0,gpt-4o,English,8,list_8,19.0,1.0,5.0,1.0,0.0,0.0,0.0,True,False,0.03571428571428571,0.125,0.0,0.0,0.0,1.0,0.9196428571428572,1.0,0.9598214285714286
sortbench,basic,v1.0,gpt-4o,English,8,list_9,7.0,0.0,4.0,0.0,0.0,0.0,0.0,True,False,0.0,0.0,0.0,0.0,0.0,1.0,1.0,1.0,1.0
sortbench,basic,v1.0,gpt-4o,English,8,list_10,18.0,0.0,3.0,0.0,0.0,0.0,0.0,True,False,0.0,0.0,0.0,0.0,0.0,1.0,1.0,1.0,1.0
sortbench,basic,v1.0,gpt-4o-mini,English,8,list_1,25.0,0.0,5.0,0.0,0.0,0.0,0.0,True,False,0.0,0.0,0.0,0.0,0.0,1.0,1.0,1.0,1.0
sortbench,basic,v1.0,gpt-4o-mini,English,8,list_2,6.0,0.0,3.0,0.0,0.0,0.0,0.0,True,False,0.0,0.0,0.0,0.0,0.0,1.0,1.0,1.0,1.0
sortbench,basic,v1.0,gpt-4o-mini,English,8,list_3,15.0,0.0,6.0,0.0,0.0,0.0,0.0,True,False,0.0,0.0,0.0,0.0,0.0,1.0,1.0,1.0,1.0
sortbench,basic,v1.0,gpt-4o-mini,English,8,list_4,11.0,1.0,3.0,1.0,0.0,0.0,0.0,True,False,0.03571428571428571,0.125,0.0,0.0,0.0,1.0,0.9196428571428572,1.0,0.9598214285714286
sortbench,basic,v1.0,gpt-4o-mini,English,8,list_5,22.0,0.0,4.0,0.0,0.0,0.0,0.0,True,False,0.0,0.0,0.0,0.0,0.0,1.0,1.0,1.0,1.0
sortbench,basic,v1.0,gpt-4o-mini,English,8,list_6,21.0,0.0,5.0,0.0,0.0,0.0,0.0,True,False,0.0,0.0,0.0,0.0,0.0,1.0,1.0,1.0,1.0
sortbench,basic,v1.0,gpt-4o-mini,English,8,list_7,18.0,0.0,4.0,0.0,0.0,0.0,0.0,True,False,0.0,0.0,0.0,0.0,0.0,1.0,1.0,1.0,1.0
sortbench,basic,v1.0,gpt-4o-mini,English,8,list_8,19.0,0.0,5.0,0.0,0.0,0.0,0.0,True,False,0.0,0.0,0.0,0.0,0.0,1.0,1.0,1.0,1.0
sortbench,basic,v1.0,gpt-4o-mini,English,8,list_9,7.0,0.0,4.0,0.0,0.0,0.0,0.0,True,False,0.0,0.0,0.0,0.0,0.0,1.0,1.0,1.0,1.0
sortbench,basic,v1.0,gpt-4o-mini,English,8,list_10,18.0,0.0,3.0,0.0,0.0,0.0,0.0,True,False,0.0,0.0,0.0,0.0,0.0,1.0,1.0,1.0,1.0
sortbench,basic,v1.0,gpt-4o,English,8,list_1,25.0,0.0,5.0,0.0,0.0,0.0,0.0,True,False,0.0,0.0,0.0,0.0,0.0,1.0,1.0,1.0,1.0
sortbench,basic,v1.0,gpt-4o,English,8,list_2,6.0,0.0,3.0,0.0,0.0,0.0,0.0,True,False,0.0,0.0,0.0,0.0,0.0,1.0,1.0,1.0,1.0
sortbench,basic,v1.0,gpt-4o,English,8,list_3,15.0,0.0,6.0,0.0,0.0,0.0,0.0,True,False,0.0,0.0,0.0,0.0,0.0,1.0,1.0,1.0,1.0
sortbench,basic,v1.0,gpt-4o,English,8,list_4,11.0,0.0,3.0,0.0,0.0,0.0,0.0,True,False,0.0,0.0,0.0,0.0,0.0,1.0,1.0,1.0,1.0
sortbench,basic,v1.0,gpt-4o,English,8,list_5,22.0,0.0,4.0,0.0,0.0,0.0,0.0,True,False,0.0,0.0,0.0,0.0,0.0,1.0,1.0,1.0,1.0
sortbench,basic,v1.0,gpt-4o,English,8,list_6,21.0,0.0,5.0,0.0,0.0,0.0,0.0,True,False,0.0,0.0,0.0,0.0,0.0,1.0,1.0,1.0,1.0
sortbench,basic,v1.0,gpt-4o,English,8,list_7,18.0,0.0,4.0,0.0,0.0,0.0,0.0,True,False,0.0,0.0,0.0,0.0,0.0,1.0,1.0,1.0,1.0
sortbench,basic,v1.0,gpt-4o,English,8,list_8,19.0,1.0,5.0,1.0,0.0,0.0,0.0,True,False,0.03571428571428571,0.125,0.0,0.0,0.0,1.0,0.9196428571428572,1.0,0.9598214285714286
sortbench,basic,v1.0,gpt-4o,English,8,list_9,7.0,0.0,4.0,0.0,0.0,0.0,0.0,True,False,0.0,0.0,0.0,0.0,0.0,1.0,1.0,1.0,1.0
sortbench,basic,v1.0,gpt-4o,English,8,list_10,18.0,0.0,3.0,0.0,0.0,0.0,0.0,True,False,0.0,0.0,0.0,0.0,0.0,1.0,1.0,1.0,1.0
sortbench,basic,v1.0,gpt-4o-mini,English,8,list_1,25.0,0.0,5.0,0.0,0.0,0.0,0.0,True,False,0.0,0.0,0.0,0.0,0.0,1.0,1.0,1.0,1.0
sortbench,basic,v1.0,gpt-4o-mini,English,8,list_2,6.0,0.0,3.0,0.0,0.0,0.0,0.0,True,False,0.0,0.0,0.0,0.0,0.0,1.0,1.0,1.0,1.0
sortbench,basic,v1.0,gpt-4o-mini,English,8,list_3,15.0,0.0,6.0,0.0,0.0,0.0,0.0,True,False,0.0,0.0,0.0,0.0,0.0,1.0,1.0,1.0,1.0
sortbench,basic,v1.0,gpt-4o-mini,English,8,list_4,11.0,1.0,3.0,1.0,0.0,0.0,0.0,True,False,0.03571428571428571,0.125,0.0,0.0,0.0,1.0,0.9196428571428572,1.0,0.9598214285714286
sortbench,basic,v1.0,gpt-4o-mini,English,8,list_5,22.0,0.0,4.0,0.0,0.0,0.0,0.0,True,False,0.0,0.0,0.0,0.0,0.0,1.0,1.0,1.0,1.0
sortbench,basic,v1.0,gpt-4o-mini,English,8,list_6,21.0,0.0,5.0,0.0,0.0,0.0,0.0,True,False,0.0,0.0,0.0,0.0,0.0,1.0,1.0,1.0,1.0
sortbench,basic,v1.0,gpt-4o-mini,English,8,list_7,18.0,0.0,4.0,0.0,0.0,0.0,0.0,True,False,0.0,0.0,0.0,0.0,0.0,1.0,1.0,1.0,1.0
sortbench,basic,v1.0,gpt-4o-mini,English,8,list_8,19.0,0.0,5.0,0.0,0.0,0.0,0.0,True,False,0.0,0.0,0.0,0.0,0.0,1.0,1.0,1.0,1.0
sortbench,basic,v1.0,gpt-4o-mini,English,8,list_9,7.0,0.0,4.0,0.0,0.0,0.0,0.0,True,False,0.0,0.0,0.0,0.0,0.0,1.0,1.0,1.0,1.0
sortbench,basic,v1.0,gpt-4o-mini,English,8,list_10,18.0,0.0,3.0,0.0,0.0,0.0,0.0,True,False,0.0,0.0,0.0,0.0,0.0,1.0,1.0,1.0,1.0
sortbench,basic,v1.0,gpt-4o,Int-0:1000,64,list_1,960.0,0.0,30.0,0.0,0.0,0.0,0.0,True,False,0.0,0.0,0.0,0.0,0.0,1.0,1.0,1.0,1.0
sortbench,basic,v1.0,gpt-4o,Int-0:1000,64,list_2,1097.0,0.0,31.0,0.0,0.0,0.0,0.0,True,False,0.0,0.0,0.0,0.0,0.0,1.0,1.0,1.0,1.0
sortbench,basic,v1.0,gpt-4o,Int-0:1000,64,list_3,951.0,0.0,33.0,0.0,0.0,0.0,0.0,True,False,0.0,0.0,0.0,0.0,0.0,1.0,1.0,1.0,1.0
sortbench,basic,v1.0,gpt-4o,Int-0:1000,64,list_4,1053.0,0.0,31.0,0.0,0.0,0.0,0.0,True,False,0.0,0.0,0.0,0.0,0.0,1.0,1.0,1.0,1.0
sortbench,basic,v1.0,gpt-4o,Int-0:1000,64,list_5,846.0,0.0,32.0,0.0,0.0,0.0,0.0,True,False,0.0,0.0,0.0,0.0,0.0,1.0,1.0,1.0,1.0
sortbench,basic,v1.0,gpt-4o,Int-0:1000,64,list_6,1074.0,0.0,31.0,0.0,0.0,0.0,0.0,True,False,0.0,0.0,0.0,0.0,0.0,1.0,1.0,1.0,1.0
sortbench,basic,v1.0,gpt-4o,Int-0:1000,64,list_7,1081.0,0.0,30.0,0.0,0.0,0.0,0.0,True,False,0.0,0.0,0.0,0.0,0.0,1.0,1.0,1.0,1.0
sortbench,basic,v1.0,gpt-4o,Int-0:1000,64,list_8,1100.0,0.0,33.0,0.0,0.0,0.0,0.0,True,False,0.0,0.0,0.0,0.0,0.0,1.0,1.0,1.0,1.0
sortbench,basic,v1.0,gpt-4o,Int-0:1000,64,list_9,1204.0,0.0,30.0,0.0,0.0,0.0,0.0,True,False,0.0,0.0,0.0,0.0,0.0,1.0,1.0,1.0,1.0
sortbench,basic,v1.0,gpt-4o,Int-0:1000,64,list_10,918.0,0.0,32.0,0.0,0.0,0.0,0.0,True,False,0.0,0.0,0.0,0.0,0.0,1.0,1.0,1.0,1.0
sortbench,basic,v1.0,gpt-4o-mini,Int-0:1000,64,list_1,960.0,1.0,30.0,1.0,2.0,1.0,1.0,True,False,0.000496031746031746,0.015625,0.03125,0.015625,0.015625,1.0,0.9919394841269842,0.9765625,0.9842509920634921
sortbench,basic,v1.0,gpt-4o-mini,Int-0:1000,64,list_2,1097.0,0.0,31.0,0.0,1.0,1.0,0.0,True,False,0.0,0.0,0.015625,0.015625,0.0,1.0,1.0,0.984375,0.9921875
sortbench,basic,v1.0,gpt-4o-mini,Int-0:1000,64,list_3,951.0,1.0,33.0,1.0,1.0,0.0,1.0,True,False,0.000496031746031746,0.015625,0.015625,0.0,0.015625,1.0,0.9919394841269842,0.9921875,0.9920634920634921
sortbench,basic,v1.0,gpt-4o-mini,Int-0:1000,64,list_4,1053.0,1.0,31.0,1.0,1.0,2.0,-1.0,True,False,0.000496031746031746,0.015625,0.015625,0.03125,0.015625,1.0,0.9919394841269842,0.9765625,0.9842509920634921
sortbench,basic,v1.0,gpt-4o-mini,Int-0:1000,64,list_5,846.0,3.0,32.0,3.0,5.0,2.0,3.0,True,False,0.001488095238095238,0.046875,0.078125,0.03125,0.046875,1.0,0.9758184523809523,0.9453125,0.9605654761904762
sortbench,basic,v1.0,gpt-4o-mini,Int-0:1000,64,list_6,1074.0,0.0,31.0,0.0,4.0,0.0,4.0,True,False,0.0,0.0,0.0625,0.0,0.0625,1.0,1.0,0.96875,0.984375
sortbench,basic,v1.0,gpt-4o-mini,Int-0:1000,64,list_7,1081.0,0.0,30.0,0.0,1.0,0.0,1.0,True,False,0.0,0.0,0.015625,0.0,0.015625,1.0,1.0,0.9921875,0.99609375
sortbench,basic,v1.0,gpt-4o-mini,Int-0:1000,64,list_8,1100.0,0.0,33.0,0.0,2.0,2.0,0.0,True,False,0.0,0.0,0.03125,0.03125,0.0,1.0,1.0,0.96875,0.984375
sortbench,basic,v1.0,gpt-4o-mini,Int-0:1000,64,list_9,1204.0,0.0,30.0,0.0,5.0,2.0,3.0,True,False,0.0,0.0,0.078125,0.03125,0.046875,1.0,1.0,0.9453125,0.97265625
sortbench,basic,v1.0,gpt-4o-mini,Int-0:1000,64,list_10,918.0,0.0,32.0,0.0,3.0,2.0,1.0,True,False,0.0,0.0,0.046875,0.03125,0.015625,1.0,1.0,0.9609375,0.98046875
sortbench,basic,v1.0,gpt-4o,Int-0:1000,16,list_1,66.0,0.0,8.0,0.0,0.0,0.0,0.0,True,False,0.0,0.0,0.0,0.0,0.0,1.0,1.0,1.0,1.0
sortbench,basic,v1.0,gpt-4o,Int-0:1000,16,list_2,39.0,0.0,6.0,0.0,0.0,0.0,0.0,True,False,0.0,0.0,0.0,0.0,0.0,1.0,1.0,1.0,1.0
sortbench,basic,v1.0,gpt-4o,Int-0:1000,16,list_3,46.0,0.0,6.0,0.0,0.0,0.0,0.0,True,False,0.0,0.0,0.0,0.0,0.0,1.0,1.0,1.0,1.0
sortbench,basic,v1.0,gpt-4o,Int-0:1000,16,list_4,50.0,0.0,9.0,0.0,0.0,0.0,0.0,True,False,0.0,0.0,0.0,0.0,0.0,1.0,1.0,1.0,1.0
sortbench,basic,v1.0,gpt-4o,Int-0:1000,16,list_5,74.0,0.0,8.0,0.0,0.0,0.0,0.0,True,False,0.0,0.0,0.0,0.0,0.0,1.0,1.0,1.0,1.0
sortbench,basic,v1.0,gpt-4o,Int-0:1000,16,list_6,68.0,0.0,6.0,0.0,0.0,0.0,0.0,True,False,0.0,0.0,0.0,0.0,0.0,1.0,1.0,1.0,1.0
sortbench,basic,v1.0,gpt-4o,Int-0:1000,16,list_7,87.0,0.0,8.0,0.0,0.0,0.0,0.0,True,False,0.0,0.0,0.0,0.0,0.0,1.0,1.0,1.0,1.0
sortbench,basic,v1.0,gpt-4o,Int-0:1000,16,list_8,55.0,0.0,11.0,0.0,0.0,0.0,0.0,True,False,0.0,0.0,0.0,0.0,0.0,1.0,1.0,1.0,1.0
sortbench,basic,v1.0,gpt-4o,Int-0:1000,16,list_9,64.0,0.0,8.0,0.0,0.0,0.0,0.0,True,False,0.0,0.0,0.0,0.0,0.0,1.0,1.0,1.0,1.0
sortbench,basic,v1.0,gpt-4o,Int-0:1000,16,list_10,63.0,0.0,8.0,0.0,0.0,0.0,0.0,True,False,0.0,0.0,0.0,0.0,0.0,1.0,1.0,1.0,1.0
sortbench,basic,v1.0,gpt-4o-mini,Int-0:1000,16,list_1,66.0,0.0,8.0,0.0,0.0,1.0,-1.0,True,False,0.0,0.0,0.0,0.0625,0.0625,1.0,1.0,0.96875,0.984375
sortbench,basic,v1.0,gpt-4o-mini,Int-0:1000,16,list_2,39.0,11.0,6.0,2.0,0.0,0.0,0.0,True,False,0.09166666666666666,0.125,0.0,0.0,0.0,1.0,0.8916666666666666,1.0,0.9458333333333333
sortbench,basic,v1.0,gpt-4o-mini,Int-0:1000,16,list_3,46.0,0.0,6.0,0.0,1.0,0.0,1.0,True,False,0.0,0.0,0.0625,0.0,0.0625,1.0,1.0,0.96875,0.984375
sortbench,basic,v1.0,gpt-4o-mini,Int-0:1000,16,list_4,50.0,0.0,9.0,0.0,0.0,0.0,0.0,True,False,0.0,0.0,0.0,0.0,0.0,1.0,1.0,1.0,1.0
sortbench,basic,v1.0,gpt-4o-mini,Int-0:1000,16,list_5,74.0,0.0,8.0,0.0,0.0,0.0,0.0,True,False,0.0,0.0,0.0,0.0,0.0,1.0,1.0,1.0,1.0
sortbench,basic,v1.0,gpt-4o-mini,Int-0:1000,16,list_6,68.0,0.0,6.0,0.0,0.0,0.0,0.0,True,False,0.0,0.0,0.0,0.0,0.0,1.0,1.0,1.0,1.0
sortbench,basic,v1.0,gpt-4o-mini,Int-0:1000,16,list_7,87.0,0.0,8.0,0.0,0.0,0.0,0.0,True,False,0.0,0.0,0.0,0.0,0.0,1.0,1.0,1.0,1.0
sortbench,basic,v1.0,gpt-4o-mini,Int-0:1000,16,list_8,55.0,1.0,11.0,1.0,0.0,0.0,0.0,True,False,0.008333333333333333,0.0625,0.0,0.0,0.0,1.0,0.9645833333333333,1.0,0.9822916666666667
sortbench,basic,v1.0,gpt-4o-mini,Int-0:1000,16,list_9,64.0,0.0,8.0,0.0,0.0,0.0,0.0,True,False,0.0,0.0,0.0,0.0,0.0,1.0,1.0,1.0,1.0
sortbench,basic,v1.0,gpt-4o-mini,Int-0:1000,16,list_10,63.0,0.0,8.0,0.0,1.0,1.0,0.0,True,False,0.0,0.0,0.0625,0.0625,0.0,1.0,1.0,0.9375,0.96875
sortbench,basic,v1.0,gpt-4o,Float-0:1000,16,list_1,64.0,0.0,8.0,0.0,0.0,0.0,0.0,True,False,0.0,0.0,0.0,0.0,0.0,1.0,1.0,1.0,1.0
sortbench,basic,v1.0,gpt-4o,Float-0:1000,16,list_2,51.0,0.0,7.0,0.0,0.0,0.0,0.0,True,False,0.0,0.0,0.0,0.0,0.0,1.0,1.0,1.0,1.0
sortbench,basic,v1.0,gpt-4o,Float-0:1000,16,list_3,63.0,0.0,8.0,0.0,0.0,0.0,0.0,True,False,0.0,0.0,0.0,0.0,0.0,1.0,1.0,1.0,1.0
sortbench,basic,v1.0,gpt-4o,Float-0:1000,16,list_4,44.0,0.0,7.0,0.0,1.0,1.0,0.0,True,False,0.0,0.0,0.0625,0.0625,0.0,1.0,1.0,0.9375,0.96875
sortbench,basic,v1.0,gpt-4o,Float-0:1000,16,list_5,87.0,0.0,9.0,0.0,0.0,0.0,0.0,True,False,0.0,0.0,0.0,0.0,0.0,1.0,1.0,1.0,1.0
sortbench,basic,v1.0,gpt-4o,Float-0:1000,16,list_6,51.0,0.0,5.0,0.0,0.0,0.0,0.0,True,False,0.0,0.0,0.0,0.0,0.0,1.0,1.0,1.0,1.0
sortbench,basic,v1.0,gpt-4o,Float-0:1000,16,list_7,64.0,0.0,8.0,0.0,0.0,0.0,0.0,True,False,0.0,0.0,0.0,0.0,0.0,1.0,1.0,1.0,1.0
sortbench,basic,v1.0,gpt-4o,Float-0:1000,16,list_8,60.0,0.0,7.0,0.0,0.0,0.0,0.0,True,False,0.0,0.0,0.0,0.0,0.0,1.0,1.0,1.0,1.0
sortbench,basic,v1.0,gpt-4o,Float-0:1000,16,list_9,64.0,0.0,8.0,0.0,0.0,0.0,0.0,True,False,0.0,0.0,0.0,0.0,0.0,1.0,1.0,1.0,1.0
sortbench,basic,v1.0,gpt-4o,Float-0:1000,16,list_10,72.0,0.0,9.0,0.0,0.0,0.0,0.0,True,False,0.0,0.0,0.0,0.0,0.0,1.0,1.0,1.0,1.0
sortbench,basic,v1.0,gpt-4o-mini,Float-0:1000,16,list_1,64.0,0.0,8.0,0.0,0.0,0.0,0.0,True,False,0.0,0.0,0.0,0.0,0.0,1.0,1.0,1.0,1.0
sortbench,basic,v1.0,gpt-4o-mini,Float-0:1000,16,list_2,51.0,0.0,7.0,0.0,0.0,0.0,0.0,True,False,0.0,0.0,0.0,0.0,0.0,1.0,1.0,1.0,1.0
sortbench,basic,v1.0,gpt-4o-mini,Float-0:1000,16,list_3,63.0,0.0,8.0,0.0,0.0,0.0,0.0,True,False,0.0,0.0,0.0,0.0,0.0,1.0,1.0,1.0,1.0
sortbench,basic,v1.0,gpt-4o-mini,Float-0:1000,16,list_4,44.0,0.0,7.0,0.0,2.0,1.0,1.0,True,False,0.0,0.0,0.125,0.0625,0.0625,1.0,1.0,0.90625,0.953125
sortbench,basic,v1.0,gpt-4o-mini,Float-0:1000,16,list_5,87.0,0.0,9.0,0.0,0.0,0.0,0.0,True,False,0.0,0.0,0.0,0.0,0.0,1.0,1.0,1.0,1.0
sortbench,basic,v1.0,gpt-4o-mini,Float-0:1000,16,list_6,51.0,10.0,5.0,2.0,0.0,0.0,0.0,True,False,0.08333333333333333,0.125,0.0,0.0,0.0,1.0,0.8958333333333334,1.0,0.9479166666666667
sortbench,basic,v1.0,gpt-4o-mini,Float-0:1000,16,list_7,64.0,0.0,8.0,0.0,0.0,0.0,0.0,True,False,0.0,0.0,0.0,0.0,0.0,1.0,1.0,1.0,1.0
sortbench,basic,v1.0,gpt-4o-mini,Float-0:1000,16,list_8,60.0,0.0,7.0,0.0,0.0,0.0,0.0,True,False,0.0,0.0,0.0,0.0,0.0,1.0,1.0,1.0,1.0
sortbench,basic,v1.0,gpt-4o-mini,Float-0:1000,16,list_9,64.0,0.0,8.0,0.0,0.0,0.0,0.0,True,False,0.0,0.0,0.0,0.0,0.0,1.0,1.0,1.0,1.0
sortbench,basic,v1.0,gpt-4o-mini,Float-0:1000,16,list_10,72.0,0.0,9.0,0.0,0.0,0.0,0.0,True,False,0.0,0.0,0.0,0.0,0.0,1.0,1.0,1.0,1.0
sortbench,basic,v1.0,gpt-4o,English,2,list_1,0.0,0.0,0.0,0.0,0.0,0.0,0.0,True,False,0.0,0.0,0.0,0.0,0.0,1.0,1.0,1.0,1.0
sortbench,basic,v1.0,gpt-4o,English,2,list_2,0.0,0.0,0.0,0.0,0.0,0.0,0.0,True,False,0.0,0.0,0.0,0.0,0.0,1.0,1.0,1.0,1.0
sortbench,basic,v1.0,gpt-4o,English,2,list_3,1.0,0.0,1.0,0.0,0.0,0.0,0.0,True,False,0.0,0.0,0.0,0.0,0.0,1.0,1.0,1.0,1.0
sortbench,basic,v1.0,gpt-4o,English,2,list_4,1.0,0.0,1.0,0.0,0.0,0.0,0.0,True,False,0.0,0.0,0.0,0.0,0.0,1.0,1.0,1.0,1.0
sortbench,basic,v1.0,gpt-4o,English,2,list_5,0.0,0.0,0.0,0.0,0.0,0.0,0.0,True,False,0.0,0.0,0.0,0.0,0.0,1.0,1.0,1.0,1.0
sortbench,basic,v1.0,gpt-4o,English,2,list_6,1.0,0.0,1.0,0.0,0.0,0.0,0.0,True,False,0.0,0.0,0.0,0.0,0.0,1.0,1.0,1.0,1.0
sortbench,basic,v1.0,gpt-4o,English,2,list_7,0.0,0.0,0.0,0.0,0.0,0.0,0.0,True,False,0.0,0.0,0.0,0.0,0.0,1.0,1.0,1.0,1.0
sortbench,basic,v1.0,gpt-4o,English,2,list_8,1.0,0.0,1.0,0.0,0.0,0.0,0.0,True,False,0.0,0.0,0.0,0.0,0.0,1.0,1.0,1.0,1.0
sortbench,basic,v1.0,gpt-4o,English,2,list_9,1.0,0.0,1.0,0.0,0.0,0.0,0.0,True,False,0.0,0.0,0.0,0.0,0.0,1.0,1.0,1.0,1.0
sortbench,basic,v1.0,gpt-4o,English,2,list_10,1.0,0.0,1.0,0.0,0.0,0.0,0.0,True,False,0.0,0.0,0.0,0.0,0.0,1.0,1.0,1.0,1.0
sortbench,basic,v1.0,gpt-4o-mini,English,2,list_1,0.0,0.0,0.0,0.0,0.0,0.0,0.0,True,False,0.0,0.0,0.0,0.0,0.0,1.0,1.0,1.0,1.0
sortbench,basic,v1.0,gpt-4o-mini,English,2,list_2,0.0,0.0,0.0,0.0,0.0,0.0,0.0,True,False,0.0,0.0,0.0,0.0,0.0,1.0,1.0,1.0,1.0
sortbench,basic,v1.0,gpt-4o-mini,English,2,list_3,1.0,0.0,1.0,0.0,0.0,0.0,0.0,True,False,0.0,0.0,0.0,0.0,0.0,1.0,1.0,1.0,1.0
sortbench,basic,v1.0,gpt-4o-mini,English,2,list_4,1.0,0.0,1.0,0.0,0.0,0.0,0.0,True,False,0.0,0.0,0.0,0.0,0.0,1.0,1.0,1.0,1.0
sortbench,basic,v1.0,gpt-4o-mini,English,2,list_5,0.0,0.0,0.0,0.0,0.0,0.0,0.0,True,False,0.0,0.0,0.0,0.0,0.0,1.0,1.0,1.0,1.0
sortbench,basic,v1.0,gpt-4o-mini,English,2,list_6,1.0,0.0,1.0,0.0,0.0,0.0,0.0,True,False,0.0,0.0,0.0,0.0,0.0,1.0,1.0,1.0,1.0
sortbench,basic,v1.0,gpt-4o-mini,English,2,list_7,0.0,0.0,0.0,0.0,0.0,0.0,0.0,True,False,0.0,0.0,0.0,0.0,0.0,1.0,1.0,1.0,1.0
sortbench,basic,v1.0,gpt-4o-mini,English,2,list_8,1.0,0.0,1.0,0.0,0.0,0.0,0.0,True,False,0.0,0.0,0.0,0.0,0.0,1.0,1.0,1.0,1.0
sortbench,basic,v1.0,gpt-4o-mini,English,2,list_9,1.0,0.0,1.0,0.0,0.0,0.0,0.0,True,False,0.0,0.0,0.0,0.0,0.0,1.0,1.0,1.0,1.0
sortbench,basic,v1.0,gpt-4o-mini,English,2,list_10,1.0,0.0,1.0,0.0,0.0,0.0,0.0,True,False,0.0,0.0,0.0,0.0,0.0,1.0,1.0,1.0,1.0
sortbench,basic,v1.0,gpt-4o,English,2,list_1,0.0,0.0,0.0,0.0,0.0,0.0,0.0,True,False,0.0,0.0,0.0,0.0,0.0,1.0,1.0,1.0,1.0
sortbench,basic,v1.0,gpt-4o,English,2,list_2,0.0,0.0,0.0,0.0,0.0,0.0,0.0,True,False,0.0,0.0,0.0,0.0,0.0,1.0,1.0,1.0,1.0
sortbench,basic,v1.0,gpt-4o,English,2,list_3,1.0,0.0,1.0,0.0,0.0,0.0,0.0,True,False,0.0,0.0,0.0,0.0,0.0,1.0,1.0,1.0,1.0
sortbench,basic,v1.0,gpt-4o,English,2,list_4,1.0,0.0,1.0,0.0,0.0,0.0,0.0,True,False,0.0,0.0,0.0,0.0,0.0,1.0,1.0,1.0,1.0
sortbench,basic,v1.0,gpt-4o,English,2,list_5,0.0,0.0,0.0,0.0,0.0,0.0,0.0,True,False,0.0,0.0,0.0,0.0,0.0,1.0,1.0,1.0,1.0
sortbench,basic,v1.0,gpt-4o,English,2,list_6,1.0,0.0,1.0,0.0,0.0,0.0,0.0,True,False,0.0,0.0,0.0,0.0,0.0,1.0,1.0,1.0,1.0
sortbench,basic,v1.0,gpt-4o,English,2,list_7,0.0,0.0,0.0,0.0,0.0,0.0,0.0,True,False,0.0,0.0,0.0,0.0,0.0,1.0,1.0,1.0,1.0
sortbench,basic,v1.0,gpt-4o,English,2,list_8,1.0,0.0,1.0,0.0,0.0,0.0,0.0,True,False,0.0,0.0,0.0,0.0,0.0,1.0,1.0,1.0,1.0
sortbench,basic,v1.0,gpt-4o,English,2,list_9,1.0,0.0,1.0,0.0,0.0,0.0,0.0,True,False,0.0,0.0,0.0,0.0,0.0,1.0,1.0,1.0,1.0
sortbench,basic,v1.0,gpt-4o,English,2,list_10,1.0,0.0,1.0,0.0,0.0,0.0,0.0,True,False,0.0,0.0,0.0,0.0,0.0,1.0,1.0,1.0,1.0
sortbench,basic,v1.0,gpt-4o-mini,English,2,list_1,0.0,0.0,0.0,0.0,0.0,0.0,0.0,True,False,0.0,0.0,0.0,0.0,0.0,1.0,1.0,1.0,1.0
sortbench,basic,v1.0,gpt-4o-mini,English,2,list_2,0.0,0.0,0.0,0.0,0.0,0.0,0.0,True,False,0.0,0.0,0.0,0.0,0.0,1.0,1.0,1.0,1.0
sortbench,basic,v1.0,gpt-4o-mini,English,2,list_3,1.0,0.0,1.0,0.0,0.0,0.0,0.0,True,False,0.0,0.0,0.0,0.0,0.0,1.0,1.0,1.0,1.0
sortbench,basic,v1.0,gpt-4o-mini,English,2,list_4,1.0,0.0,1.0,0.0,0.0,0.0,0.0,True,False,0.0,0.0,0.0,0.0,0.0,1.0,1.0,1.0,1.0
sortbench,basic,v1.0,gpt-4o-mini,English,2,list_5,0.0,0.0,0.0,0.0,0.0,0.0,0.0,True,False,0.0,0.0,0.0,0.0,0.0,1.0,1.0,1.0,1.0
sortbench,basic,v1.0,gpt-4o-mini,English,2,list_6,1.0,0.0,1.0,0.0,0.0,0.0,0.0,True,False,0.0,0.0,0.0,0.0,0.0,1.0,1.0,1.0,1.0
sortbench,basic,v1.0,gpt-4o-mini,English,2,list_7,0.0,0.0,0.0,0.0,0.0,0.0,0.0,True,False,0.0,0.0,0.0,0.0,0.0,1.0,1.0,1.0,1.0
sortbench,basic,v1.0,gpt-4o-mini,English,2,list_8,1.0,0.0,1.0,0.0,0.0,0.0,0.0,True,False,0.0,0.0,0.0,0.0,0.0,1.0,1.0,1.0,1.0
sortbench,basic,v1.0,gpt-4o-mini,English,2,list_9,1.0,0.0,1.0,0.0,0.0,0.0,0.0,True,False,0.0,0.0,0.0,0.0,0.0,1.0,1.0,1.0,1.0
sortbench,basic,v1.0,gpt-4o-mini,English,2,list_10,1.0,0.0,1.0,0.0,0.0,0.0,0.0,True,False,0.0,0.0,0.0,0.0,0.0,1.0,1.0,1.0,1.0
sortbench,basic,v1.0,gpt-4o,English,2,list_1,0.0,0.0,0.0,0.0,0.0,0.0,0.0,True,False,0.0,0.0,0.0,0.0,0.0,1.0,1.0,1.0,1.0
sortbench,basic,v1.0,gpt-4o,English,2,list_2,0.0,0.0,0.0,0.0,0.0,0.0,0.0,True,False,0.0,0.0,0.0,0.0,0.0,1.0,1.0,1.0,1.0
sortbench,basic,v1.0,gpt-4o,English,2,list_3,1.0,0.0,1.0,0.0,0.0,0.0,0.0,True,False,0.0,0.0,0.0,0.0,0.0,1.0,1.0,1.0,1.0
sortbench,basic,v1.0,gpt-4o,English,2,list_4,1.0,0.0,1.0,0.0,0.0,0.0,0.0,True,False,0.0,0.0,0.0,0.0,0.0,1.0,1.0,1.0,1.0
sortbench,basic,v1.0,gpt-4o,English,2,list_5,0.0,0.0,0.0,0.0,0.0,0.0,0.0,True,False,0.0,0.0,0.0,0.0,0.0,1.0,1.0,1.0,1.0
sortbench,basic,v1.0,gpt-4o,English,2,list_6,1.0,0.0,1.0,0.0,0.0,0.0,0.0,True,False,0.0,0.0,0.0,0.0,0.0,1.0,1.0,1.0,1.0
sortbench,basic,v1.0,gpt-4o,English,2,list_7,0.0,0.0,0.0,0.0,0.0,0.0,0.0,True,False,0.0,0.0,0.0,0.0,0.0,1.0,1.0,1.0,1.0
sortbench,basic,v1.0,gpt-4o,English,2,list_8,1.0,0.0,1.0,0.0,0.0,0.0,0.0,True,False,0.0,0.0,0.0,0.0,0.0,1.0,1.0,1.0,1.0
sortbench,basic,v1.0,gpt-4o,English,2,list_9,1.0,0.0,1.0,0.0,0.0,0.0,0.0,True,False,0.0,0.0,0.0,0.0,0.0,1.0,1.0,1.0,1.0
sortbench,basic,v1.0,gpt-4o,English,2,list_10,1.0,0.0,1.0,0.0,0.0,0.0,0.0,True,False,0.0,0.0,0.0,0.0,0.0,1.0,1.0,1.0,1.0
sortbench,basic,v1.0,gpt-4o-mini,English,2,list_1,0.0,0.0,0.0,0.0,0.0,0.0,0.0,True,False,0.0,0.0,0.0,0.0,0.0,1.0,1.0,1.0,1.0
sortbench,basic,v1.0,gpt-4o-mini,English,2,list_2,0.0,0.0,0.0,0.0,0.0,0.0,0.0,True,False,0.0,0.0,0.0,0.0,0.0,1.0,1.0,1.0,1.0
sortbench,basic,v1.0,gpt-4o-mini,English,2,list_3,1.0,0.0,1.0,0.0,0.0,0.0,0.0,True,False,0.0,0.0,0.0,0.0,0.0,1.0,1.0,1.0,1.0
sortbench,basic,v1.0,gpt-4o-mini,English,2,list_4,1.0,0.0,1.0,0.0,0.0,0.0,0.0,True,False,0.0,0.0,0.0,0.0,0.0,1.0,1.0,1.0,1.0
sortbench,basic,v1.0,gpt-4o-mini,English,2,list_5,0.0,0.0,0.0,0.0,0.0,0.0,0.0,True,False,0.0,0.0,0.0,0.0,0.0,1.0,1.0,1.0,1.0
sortbench,basic,v1.0,gpt-4o-mini,English,2,list_6,1.0,0.0,1.0,0.0,0.0,0.0,0.0,True,False,0.0,0.0,0.0,0.0,0.0,1.0,1.0,1.0,1.0
sortbench,basic,v1.0,gpt-4o-mini,English,2,list_7,0.0,0.0,0.0,0.0,0.0,0.0,0.0,True,False,0.0,0.0,0.0,0.0,0.0,1.0,1.0,1.0,1.0
sortbench,basic,v1.0,gpt-4o-mini,English,2,list_8,1.0,0.0,1.0,0.0,0.0,0.0,0.0,True,False,0.0,0.0,0.0,0.0,0.0,1.0,1.0,1.0,1.0
sortbench,basic,v1.0,gpt-4o-mini,English,2,list_9,1.0,0.0,1.0,0.0,0.0,0.0,0.0,True,False,0.0,0.0,0.0,0.0,0.0,1.0,1.0,1.0,1.0
sortbench,basic,v1.0,gpt-4o-mini,English,2,list_10,1.0,0.0,1.0,0.0,0.0,0.0,0.0,True,False,0.0,0.0,0.0,0.0,0.0,1.0,1.0,1.0,1.0
sortbench,basic,v1.0,gpt-4o,Float-0:1000,32,list_1,280.0,0.0,18.0,0.0,0.0,0.0,0.0,True,False,0.0,0.0,0.0,0.0,0.0,1.0,1.0,1.0,1.0
sortbench,basic,v1.0,gpt-4o,Float-0:1000,32,list_2,247.0,0.0,12.0,0.0,0.0,0.0,0.0,True,False,0.0,0.0,0.0,0.0,0.0,1.0,1.0,1.0,1.0
sortbench,basic,v1.0,gpt-4o,Float-0:1000,32,list_3,250.0,0.0,15.0,0.0,0.0,0.0,0.0,True,False,0.0,0.0,0.0,0.0,0.0,1.0,1.0,1.0,1.0
sortbench,basic,v1.0,gpt-4o,Float-0:1000,32,list_4,249.0,0.0,14.0,0.0,0.0,0.0,0.0,True,False,0.0,0.0,0.0,0.0,0.0,1.0,1.0,1.0,1.0
sortbench,basic,v1.0,gpt-4o,Float-0:1000,32,list_5,243.0,0.0,17.0,0.0,0.0,0.0,0.0,True,False,0.0,0.0,0.0,0.0,0.0,1.0,1.0,1.0,1.0
sortbench,basic,v1.0,gpt-4o,Float-0:1000,32,list_6,254.0,0.0,14.0,0.0,0.0,0.0,0.0,True,False,0.0,0.0,0.0,0.0,0.0,1.0,1.0,1.0,1.0
sortbench,basic,v1.0,gpt-4o,Float-0:1000,32,list_7,219.0,0.0,17.0,0.0,0.0,0.0,0.0,True,False,0.0,0.0,0.0,0.0,0.0,1.0,1.0,1.0,1.0
sortbench,basic,v1.0,gpt-4o,Float-0:1000,32,list_8,204.0,0.0,15.0,0.0,0.0,0.0,0.0,True,False,0.0,0.0,0.0,0.0,0.0,1.0,1.0,1.0,1.0
sortbench,basic,v1.0,gpt-4o,Float-0:1000,32,list_9,253.0,0.0,14.0,0.0,0.0,0.0,0.0,True,False,0.0,0.0,0.0,0.0,0.0,1.0,1.0,1.0,1.0
sortbench,basic,v1.0,gpt-4o,Float-0:1000,32,list_10,195.0,0.0,17.0,0.0,0.0,0.0,0.0,True,False,0.0,0.0,0.0,0.0,0.0,1.0,1.0,1.0,1.0
sortbench,basic,v1.0,gpt-4o-mini,Float-0:1000,32,list_1,280.0,1.0,18.0,1.0,0.0,0.0,0.0,True,False,0.0020161290322580645,0.03125,0.0,0.0,0.0,1.0,0.983366935483871,1.0,0.9916834677419355
sortbench,basic,v1.0,gpt-4o-mini,Float-0:1000,32,list_2,247.0,0.0,12.0,0.0,0.0,0.0,0.0,True,False,0.0,0.0,0.0,0.0,0.0,1.0,1.0,1.0,1.0
sortbench,basic,v1.0,gpt-4o-mini,Float-0:1000,32,list_3,250.0,1.0,15.0,1.0,0.0,0.0,0.0,True,False,0.0020161290322580645,0.03125,0.0,0.0,0.0,1.0,0.983366935483871,1.0,0.9916834677419355
sortbench,basic,v1.0,gpt-4o-mini,Float-0:1000,32,list_4,249.0,0.0,14.0,0.0,0.0,0.0,0.0,True,False,0.0,0.0,0.0,0.0,0.0,1.0,1.0,1.0,1.0
sortbench,basic,v1.0,gpt-4o-mini,Float-0:1000,32,list_5,243.0,0.0,17.0,0.0,0.0,0.0,0.0,True,False,0.0,0.0,0.0,0.0,0.0,1.0,1.0,1.0,1.0
sortbench,basic,v1.0,gpt-4o-mini,Float-0:1000,32,list_6,254.0,0.0,14.0,0.0,0.0,0.0,0.0,True,False,0.0,0.0,0.0,0.0,0.0,1.0,1.0,1.0,1.0
sortbench,basic,v1.0,gpt-4o-mini,Float-0:1000,32,list_7,219.0,0.0,17.0,0.0,0.0,0.0,0.0,True,False,0.0,0.0,0.0,0.0,0.0,1.0,1.0,1.0,1.0
sortbench,basic,v1.0,gpt-4o-mini,Float-0:1000,32,list_8,204.0,0.0,15.0,0.0,0.0,0.0,0.0,True,False,0.0,0.0,0.0,0.0,0.0,1.0,1.0,1.0,1.0
sortbench,basic,v1.0,gpt-4o-mini,Float-0:1000,32,list_9,253.0,0.0,14.0,0.0,0.0,0.0,0.0,True,False,0.0,0.0,0.0,0.0,0.0,1.0,1.0,1.0,1.0
sortbench,basic,v1.0,gpt-4o-mini,Float-0:1000,32,list_10,195.0,0.0,17.0,0.0,1.0,0.0,1.0,True,False,0.0,0.0,0.03125,0.0,0.03125,1.0,1.0,0.984375,0.9921875
sortbench,basic,v1.0,gpt-4o,Int-0:1000,256,list_1,17578.0,0.0,118.0,0.0,0.0,0.0,0.0,True,False,0.0,0.0,0.0,0.0,0.0,1.0,1.0,1.0,1.0
sortbench,basic,v1.0,gpt-4o,Int-0:1000,256,list_2,15873.0,0.0,133.0,0.0,0.0,0.0,0.0,True,False,0.0,0.0,0.0,0.0,0.0,1.0,1.0,1.0,1.0
sortbench,basic,v1.0,gpt-4o,Int-0:1000,256,list_3,16633.0,0.0,123.0,0.0,0.0,0.0,0.0,True,False,0.0,0.0,0.0,0.0,0.0,1.0,1.0,1.0,1.0
sortbench,basic,v1.0,gpt-4o,Int-0:1000,256,list_4,15876.0,0.0,129.0,0.0,1.0,0.0,1.0,True,False,0.0,0.0,0.00390625,0.0,0.00390625,1.0,1.0,0.998046875,0.9990234375
sortbench,basic,v1.0,gpt-4o,Int-0:1000,256,list_5,16589.0,0.0,122.0,0.0,3.0,0.0,3.0,True,False,0.0,0.0,0.01171875,0.0,0.01171875,1.0,1.0,0.994140625,0.9970703125
sortbench,basic,v1.0,gpt-4o,Int-0:1000,256,list_6,16468.0,0.0,124.0,0.0,0.0,0.0,0.0,True,False,0.0,0.0,0.0,0.0,0.0,1.0,1.0,1.0,1.0
sortbench,basic,v1.0,gpt-4o,Int-0:1000,256,list_7,15965.0,0.0,126.0,0.0,2.0,0.0,2.0,True,False,0.0,0.0,0.0078125,0.0,0.0078125,1.0,1.0,0.99609375,0.998046875
sortbench,basic,v1.0,gpt-4o,Int-0:1000,256,list_8,15570.0,0.0,128.0,0.0,0.0,0.0,0.0,True,False,0.0,0.0,0.0,0.0,0.0,1.0,1.0,1.0,1.0
sortbench,basic,v1.0,gpt-4o,Int-0:1000,256,list_9,16055.0,0.0,127.0,0.0,0.0,0.0,0.0,True,False,0.0,0.0,0.0,0.0,0.0,1.0,1.0,1.0,1.0
sortbench,basic,v1.0,gpt-4o,Int-0:1000,256,list_10,15905.0,0.0,124.0,0.0,1.0,0.0,1.0,True,False,0.0,0.0,0.00390625,0.0,0.00390625,1.0,1.0,0.998046875,0.9990234375
sortbench,basic,v1.0,gpt-4o-mini,Int-0:1000,256,list_1,17578.0,0.0,118.0,0.0,14.0,14.0,0.0,True,False,0.0,0.0,0.0546875,0.0546875,0.0,1.0,1.0,0.9453125,0.97265625
sortbench,basic,v1.0,gpt-4o-mini,Int-0:1000,256,list_2,15873.0,0.0,133.0,0.0,16.0,15.0,1.0,True,False,0.0,0.0,0.0625,0.05859375,0.00390625,1.0,1.0,0.939453125,0.9697265625
sortbench,basic,v1.0,gpt-4o-mini,Int-0:1000,256,list_3,16633.0,12.0,123.0,1.0,16.0,5.0,11.0,True,False,0.0003676470588235294,0.00390625,0.0625,0.01953125,0.04296875,1.0,0.9978630514705882,0.958984375,0.9784237132352941
sortbench,basic,v1.0,gpt-4o-mini,Int-0:1000,256,list_4,15876.0,0.0,129.0,0.0,11.0,15.0,-4.0,True,False,0.0,0.0,0.04296875,0.05859375,0.015625,1.0,1.0,0.94921875,0.974609375
sortbench,basic,v1.0,gpt-4o-mini,Int-0:1000,256,list_5,16589.0,0.0,122.0,0.0,17.0,16.0,1.0,True,False,0.0,0.0,0.06640625,0.0625,0.00390625,1.0,1.0,0.935546875,0.9677734375
sortbench,basic,v1.0,gpt-4o-mini,Int-0:1000,256,list_6,16468.0,0.0,124.0,0.0,10.0,5.0,5.0,True,False,0.0,0.0,0.0390625,0.01953125,0.01953125,1.0,1.0,0.970703125,0.9853515625
sortbench,basic,v1.0,gpt-4o-mini,Int-0:1000,256,list_7,15965.0,2.0,126.0,1.0,8.0,5.0,3.0,True,False,6.127450980392157e-05,0.00390625,0.03125,0.01953125,0.01171875,1.0,0.9980162377450981,0.974609375,0.986312806372549
sortbench,basic,v1.0,gpt-4o-mini,Int-0:1000,256,list_8,15570.0,0.0,128.0,0.0,13.0,6.0,7.0,True,False,0.0,0.0,0.05078125,0.0234375,0.02734375,1.0,1.0,0.962890625,0.9814453125
sortbench,basic,v1.0,gpt-4o-mini,Int-0:1000,256,list_9,16055.0,0.0,127.0,0.0,6.0,8.0,-2.0,True,False,0.0,0.0,0.0234375,0.03125,0.0078125,1.0,1.0,0.97265625,0.986328125
sortbench,basic,v1.0,gpt-4o-mini,Int-0:1000,256,list_10,15905.0,0.0,124.0,0.0,17.0,5.0,12.0,True,False,0.0,0.0,0.06640625,0.01953125,0.046875,1.0,1.0,0.95703125,0.978515625
sortbench,basic,v1.0,gpt-4o,Int-0:1000,8,list_1,15.0,0.0,3.0,0.0,0.0,0.0,0.0,True,False,0.0,0.0,0.0,0.0,0.0,1.0,1.0,1.0,1.0
sortbench,basic,v1.0,gpt-4o,Int-0:1000,8,list_2,10.0,0.0,4.0,0.0,0.0,0.0,0.0,True,False,0.0,0.0,0.0,0.0,0.0,1.0,1.0,1.0,1.0
sortbench,basic,v1.0,gpt-4o,Int-0:1000,8,list_3,24.0,0.0,5.0,0.0,0.0,0.0,0.0,True,False,0.0,0.0,0.0,0.0,0.0,1.0,1.0,1.0,1.0
sortbench,basic,v1.0,gpt-4o,Int-0:1000,8,list_4,14.0,0.0,3.0,0.0,0.0,0.0,0.0,True,False,0.0,0.0,0.0,0.0,0.0,1.0,1.0,1.0,1.0
sortbench,basic,v1.0,gpt-4o,Int-0:1000,8,list_5,10.0,0.0,3.0,0.0,0.0,0.0,0.0,True,False,0.0,0.0,0.0,0.0,0.0,1.0,1.0,1.0,1.0
sortbench,basic,v1.0,gpt-4o,Int-0:1000,8,list_6,16.0,0.0,3.0,0.0,0.0,0.0,0.0,True,False,0.0,0.0,0.0,0.0,0.0,1.0,1.0,1.0,1.0
sortbench,basic,v1.0,gpt-4o,Int-0:1000,8,list_7,16.0,0.0,3.0,0.0,0.0,0.0,0.0,True,False,0.0,0.0,0.0,0.0,0.0,1.0,1.0,1.0,1.0
sortbench,basic,v1.0,gpt-4o,Int-0:1000,8,list_8,11.0,0.0,4.0,0.0,0.0,0.0,0.0,True,False,0.0,0.0,0.0,0.0,0.0,1.0,1.0,1.0,1.0
sortbench,basic,v1.0,gpt-4o,Int-0:1000,8,list_9,17.0,0.0,6.0,0.0,0.0,0.0,0.0,True,False,0.0,0.0,0.0,0.0,0.0,1.0,1.0,1.0,1.0
sortbench,basic,v1.0,gpt-4o,Int-0:1000,8,list_10,14.0,0.0,4.0,0.0,0.0,0.0,0.0,True,False,0.0,0.0,0.0,0.0,0.0,1.0,1.0,1.0,1.0
sortbench,basic,v1.0,gpt-4o-mini,Int-0:1000,8,list_1,15.0,0.0,3.0,0.0,0.0,0.0,0.0,True,False,0.0,0.0,0.0,0.0,0.0,1.0,1.0,1.0,1.0
sortbench,basic,v1.0,gpt-4o-mini,Int-0:1000,8,list_2,10.0,0.0,4.0,0.0,0.0,0.0,0.0,True,False,0.0,0.0,0.0,0.0,0.0,1.0,1.0,1.0,1.0
sortbench,basic,v1.0,gpt-4o-mini,Int-0:1000,8,list_3,24.0,0.0,5.0,0.0,0.0,0.0,0.0,True,False,0.0,0.0,0.0,0.0,0.0,1.0,1.0,1.0,1.0
sortbench,basic,v1.0,gpt-4o-mini,Int-0:1000,8,list_4,14.0,0.0,3.0,0.0,0.0,0.0,0.0,True,False,0.0,0.0,0.0,0.0,0.0,1.0,1.0,1.0,1.0
sortbench,basic,v1.0,gpt-4o-mini,Int-0:1000,8,list_5,10.0,0.0,3.0,0.0,0.0,0.0,0.0,True,False,0.0,0.0,0.0,0.0,0.0,1.0,1.0,1.0,1.0
sortbench,basic,v1.0,gpt-4o-mini,Int-0:1000,8,list_6,16.0,0.0,3.0,0.0,0.0,0.0,0.0,True,False,0.0,0.0,0.0,0.0,0.0,1.0,1.0,1.0,1.0
sortbench,basic,v1.0,gpt-4o-mini,Int-0:1000,8,list_7,16.0,0.0,3.0,0.0,0.0,0.0,0.0,True,False,0.0,0.0,0.0,0.0,0.0,1.0,1.0,1.0,1.0
sortbench,basic,v1.0,gpt-4o-mini,Int-0:1000,8,list_8,11.0,0.0,4.0,0.0,0.0,0.0,0.0,True,False,0.0,0.0,0.0,0.0,0.0,1.0,1.0,1.0,1.0
sortbench,basic,v1.0,gpt-4o-mini,Int-0:1000,8,list_9,17.0,0.0,6.0,0.0,0.0,0.0,0.0,True,False,0.0,0.0,0.0,0.0,0.0,1.0,1.0,1.0,1.0
sortbench,basic,v1.0,gpt-4o-mini,Int-0:1000,8,list_10,14.0,0.0,4.0,0.0,1.0,1.0,0.0,True,False,0.0,0.0,0.125,0.125,0.0,1.0,1.0,0.875,0.9375
sortbench,basic,v1.0,gpt-4o,Int-0:1000,32,list_1,293.0,0.0,17.0,0.0,0.0,0.0,0.0,True,False,0.0,0.0,0.0,0.0,0.0,1.0,1.0,1.0,1.0
sortbench,basic,v1.0,gpt-4o,Int-0:1000,32,list_2,223.0,0.0,17.0,0.0,0.0,0.0,0.0,True,False,0.0,0.0,0.0,0.0,0.0,1.0,1.0,1.0,1.0
sortbench,basic,v1.0,gpt-4o,Int-0:1000,32,list_3,223.0,0.0,17.0,0.0,0.0,0.0,0.0,True,False,0.0,0.0,0.0,0.0,0.0,1.0,1.0,1.0,1.0
sortbench,basic,v1.0,gpt-4o,Int-0:1000,32,list_4,282.0,0.0,16.0,0.0,0.0,0.0,0.0,True,False,0.0,0.0,0.0,0.0,0.0,1.0,1.0,1.0,1.0
sortbench,basic,v1.0,gpt-4o,Int-0:1000,32,list_5,275.0,0.0,16.0,0.0,0.0,0.0,0.0,True,False,0.0,0.0,0.0,0.0,0.0,1.0,1.0,1.0,1.0
sortbench,basic,v1.0,gpt-4o,Int-0:1000,32,list_6,215.0,0.0,18.0,0.0,0.0,0.0,0.0,True,False,0.0,0.0,0.0,0.0,0.0,1.0,1.0,1.0,1.0
sortbench,basic,v1.0,gpt-4o,Int-0:1000,32,list_7,274.0,0.0,16.0,0.0,0.0,0.0,0.0,True,False,0.0,0.0,0.0,0.0,0.0,1.0,1.0,1.0,1.0
sortbench,basic,v1.0,gpt-4o,Int-0:1000,32,list_8,273.0,0.0,14.0,0.0,0.0,0.0,0.0,True,False,0.0,0.0,0.0,0.0,0.0,1.0,1.0,1.0,1.0
sortbench,basic,v1.0,gpt-4o,Int-0:1000,32,list_9,273.0,0.0,14.0,0.0,0.0,0.0,0.0,True,False,0.0,0.0,0.0,0.0,0.0,1.0,1.0,1.0,1.0
sortbench,basic,v1.0,gpt-4o,Int-0:1000,32,list_10,214.0,0.0,13.0,0.0,0.0,0.0,0.0,True,False,0.0,0.0,0.0,0.0,0.0,1.0,1.0,1.0,1.0
sortbench,basic,v1.0,gpt-4o-mini,Int-0:1000,32,list_1,293.0,1.0,17.0,1.0,0.0,0.0,0.0,True,False,0.0020161290322580645,0.03125,0.0,0.0,0.0,1.0,0.983366935483871,1.0,0.9916834677419355
sortbench,basic,v1.0,gpt-4o-mini,Int-0:1000,32,list_2,223.0,0.0,17.0,0.0,1.0,0.0,1.0,True,False,0.0,0.0,0.03125,0.0,0.03125,1.0,1.0,0.984375,0.9921875
sortbench,basic,v1.0,gpt-4o-mini,Int-0:1000,32,list_3,223.0,0.0,17.0,0.0,0.0,0.0,0.0,True,False,0.0,0.0,0.0,0.0,0.0,1.0,1.0,1.0,1.0
sortbench,basic,v1.0,gpt-4o-mini,Int-0:1000,32,list_4,282.0,0.0,16.0,0.0,0.0,0.0,0.0,True,False,0.0,0.0,0.0,0.0,0.0,1.0,1.0,1.0,1.0
sortbench,basic,v1.0,gpt-4o-mini,Int-0:1000,32,list_5,275.0,0.0,16.0,0.0,0.0,0.0,0.0,True,False,0.0,0.0,0.0,0.0,0.0,1.0,1.0,1.0,1.0
sortbench,basic,v1.0,gpt-4o-mini,Int-0:1000,32,list_6,215.0,1.0,18.0,1.0,0.0,1.0,-1.0,True,False,0.0020161290322580645,0.03125,0.0,0.03125,0.03125,1.0,0.983366935483871,0.984375,0.9838709677419355
sortbench,basic,v1.0,gpt-4o-mini,Int-0:1000,32,list_7,274.0,0.0,16.0,0.0,0.0,0.0,0.0,True,False,0.0,0.0,0.0,0.0,0.0,1.0,1.0,1.0,1.0
sortbench,basic,v1.0,gpt-4o-mini,Int-0:1000,32,list_8,273.0,1.0,14.0,1.0,0.0,0.0,0.0,True,False,0.0020161290322580645,0.03125,0.0,0.0,0.0,1.0,0.983366935483871,1.0,0.9916834677419355
sortbench,basic,v1.0,gpt-4o-mini,Int-0:1000,32,list_9,,,,,,,,False,False,,,,,,0.0,,,
sortbench,basic,v1.0,gpt-4o-mini,Int-0:1000,32,list_10,214.0,1.0,13.0,1.0,0.0,0.0,0.0,True,False,0.0020161290322580645,0.03125,0.0,0.0,0.0,1.0,0.983366935483871,1.0,0.9916834677419355
sortbench,basic,v1.0,gpt-4o,Float-0:1000,64,list_1,982.0,0.0,29.0,0.0,0.0,0.0,0.0,True,False,0.0,0.0,0.0,0.0,0.0,1.0,1.0,1.0,1.0
sortbench,basic,v1.0,gpt-4o,Float-0:1000,64,list_2,1160.0,0.0,32.0,0.0,0.0,0.0,0.0,True,False,0.0,0.0,0.0,0.0,0.0,1.0,1.0,1.0,1.0
sortbench,basic,v1.0,gpt-4o,Float-0:1000,64,list_3,992.0,0.0,35.0,0.0,0.0,0.0,0.0,True,False,0.0,0.0,0.0,0.0,0.0,1.0,1.0,1.0,1.0
sortbench,basic,v1.0,gpt-4o,Float-0:1000,64,list_4,1053.0,0.0,33.0,0.0,0.0,0.0,0.0,True,False,0.0,0.0,0.0,0.0,0.0,1.0,1.0,1.0,1.0
sortbench,basic,v1.0,gpt-4o,Float-0:1000,64,list_5,1032.0,0.0,34.0,0.0,0.0,0.0,0.0,True,False,0.0,0.0,0.0,0.0,0.0,1.0,1.0,1.0,1.0
sortbench,basic,v1.0,gpt-4o,Float-0:1000,64,list_6,1018.0,0.0,34.0,0.0,0.0,0.0,0.0,True,False,0.0,0.0,0.0,0.0,0.0,1.0,1.0,1.0,1.0
sortbench,basic,v1.0,gpt-4o,Float-0:1000,64,list_7,1019.0,0.0,35.0,0.0,0.0,0.0,0.0,True,False,0.0,0.0,0.0,0.0,0.0,1.0,1.0,1.0,1.0
sortbench,basic,v1.0,gpt-4o,Float-0:1000,64,list_8,1115.0,0.0,31.0,0.0,0.0,0.0,0.0,True,False,0.0,0.0,0.0,0.0,0.0,1.0,1.0,1.0,1.0
sortbench,basic,v1.0,gpt-4o,Float-0:1000,64,list_9,928.0,0.0,31.0,0.0,0.0,0.0,0.0,True,False,0.0,0.0,0.0,0.0,0.0,1.0,1.0,1.0,1.0
sortbench,basic,v1.0,gpt-4o,Float-0:1000,64,list_10,1052.0,0.0,32.0,0.0,0.0,0.0,0.0,True,False,0.0,0.0,0.0,0.0,0.0,1.0,1.0,1.0,1.0
sortbench,basic,v1.0,gpt-4o-mini,Float-0:1000,64,list_1,982.0,1.0,29.0,1.0,2.0,4.0,-2.0,True,False,0.000496031746031746,0.015625,0.03125,0.0625,0.03125,1.0,0.9919394841269842,0.953125,0.9725322420634921
sortbench,basic,v1.0,gpt-4o-mini,Float-0:1000,64,list_2,1160.0,0.0,32.0,0.0,1.0,3.0,-2.0,True,False,0.0,0.0,0.015625,0.046875,0.03125,1.0,1.0,0.96875,0.984375
sortbench,basic,v1.0,gpt-4o-mini,Float-0:1000,64,list_3,992.0,0.0,35.0,0.0,2.0,1.0,1.0,True,False,0.0,0.0,0.03125,0.015625,0.015625,1.0,1.0,0.9765625,0.98828125
sortbench,basic,v1.0,gpt-4o-mini,Float-0:1000,64,list_4,1053.0,1.0,33.0,1.0,0.0,0.0,0.0,True,False,0.000496031746031746,0.015625,0.0,0.0,0.0,1.0,0.9919394841269842,1.0,0.9959697420634921
sortbench,basic,v1.0,gpt-4o-mini,Float-0:1000,64,list_5,1032.0,2.0,34.0,2.0,0.0,1.0,-1.0,True,False,0.000992063492063492,0.03125,0.0,0.015625,0.015625,1.0,0.9838789682539683,0.9921875,0.9880332341269842
sortbench,basic,v1.0,gpt-4o-mini,Float-0:1000,64,list_6,1018.0,0.0,34.0,0.0,2.0,2.0,0.0,True,False,0.0,0.0,0.03125,0.03125,0.0,1.0,1.0,0.96875,0.984375
sortbench,basic,v1.0,gpt-4o-mini,Float-0:1000,64,list_7,1019.0,17.0,35.0,2.0,2.0,2.0,0.0,True,False,0.008432539682539682,0.03125,0.03125,0.03125,0.0,1.0,0.9801587301587301,0.96875,0.9744543650793651
sortbench,basic,v1.0,gpt-4o-mini,Float-0:1000,64,list_8,1115.0,2.0,31.0,2.0,2.0,0.0,2.0,True,False,0.000992063492063492,0.03125,0.03125,0.0,0.03125,1.0,0.9838789682539683,0.984375,0.9841269841269842
sortbench,basic,v1.0,gpt-4o-mini,Float-0:1000,64,list_9,928.0,2.0,31.0,2.0,0.0,0.0,0.0,True,False,0.000992063492063492,0.03125,0.0,0.0,0.0,1.0,0.9838789682539683,1.0,0.9919394841269842
sortbench,basic,v1.0,gpt-4o-mini,Float-0:1000,64,list_10,1052.0,2.0,32.0,2.0,3.0,3.0,0.0,True,False,0.000992063492063492,0.03125,0.046875,0.046875,0.0,1.0,0.9838789682539683,0.953125,0.9685019841269842
sortbench,basic,v1.0,gpt-4o,English,64,list_1,1046.0,2.0,30.0,1.0,2.0,2.0,0.0,True,False,0.000992063492063492,0.015625,0.03125,0.03125,0.0,1.0,0.9916914682539683,0.96875,0.9802207341269842
sortbench,basic,v1.0,gpt-4o,English,64,list_2,963.0,3.0,35.0,3.0,0.0,0.0,0.0,True,False,0.001488095238095238,0.046875,0.0,0.0,0.0,1.0,0.9758184523809523,1.0,0.9879092261904762
sortbench,basic,v1.0,gpt-4o,English,64,list_3,1050.0,2.0,31.0,2.0,1.0,0.0,1.0,True,False,0.000992063492063492,0.03125,0.015625,0.0,0.015625,1.0,0.9838789682539683,0.9921875,0.9880332341269842
sortbench,basic,v1.0,gpt-4o,English,64,list_4,950.0,3.0,33.0,3.0,1.0,0.0,1.0,True,False,0.001488095238095238,0.046875,0.015625,0.0,0.015625,1.0,0.9758184523809523,0.9921875,0.9840029761904762
sortbench,basic,v1.0,gpt-4o,English,64,list_5,867.0,1.0,32.0,1.0,0.0,0.0,0.0,True,False,0.000496031746031746,0.015625,0.0,0.0,0.0,1.0,0.9919394841269842,1.0,0.9959697420634921
sortbench,basic,v1.0,gpt-4o,English,64,list_6,1210.0,4.0,32.0,3.0,0.0,0.0,0.0,True,False,0.001984126984126984,0.046875,0.0,0.0,0.0,1.0,0.9755704365079365,1.0,0.9877852182539683
sortbench,basic,v1.0,gpt-4o,English,64,list_7,967.0,1.0,33.0,1.0,0.0,0.0,0.0,True,False,0.000496031746031746,0.015625,0.0,0.0,0.0,1.0,0.9919394841269842,1.0,0.9959697420634921
sortbench,basic,v1.0,gpt-4o,English,64,list_8,990.0,1.0,29.0,1.0,0.0,0.0,0.0,True,False,0.000496031746031746,0.015625,0.0,0.0,0.0,1.0,0.9919394841269842,1.0,0.9959697420634921
sortbench,basic,v1.0,gpt-4o,English,64,list_9,905.0,1.0,32.0,1.0,0.0,0.0,0.0,True,False,0.000496031746031746,0.015625,0.0,0.0,0.0,1.0,0.9919394841269842,1.0,0.9959697420634921
sortbench,basic,v1.0,gpt-4o,English,64,list_10,1024.0,1.0,31.0,1.0,0.0,0.0,0.0,True,False,0.000496031746031746,0.015625,0.0,0.0,0.0,1.0,0.9919394841269842,1.0,0.9959697420634921
sortbench,basic,v1.0,gpt-4o-mini,English,64,list_1,1046.0,43.0,30.0,5.0,4.0,1.0,3.0,True,False,0.02132936507936508,0.078125,0.0625,0.015625,0.046875,1.0,0.9502728174603174,0.9609375,0.9556051587301587
sortbench,basic,v1.0,gpt-4o-mini,English,64,list_2,963.0,7.0,35.0,5.0,3.0,1.0,2.0,True,False,0.003472222222222222,0.078125,0.046875,0.015625,0.03125,1.0,0.9592013888888888,0.96875,0.9639756944444444
sortbench,basic,v1.0,gpt-4o-mini,English,64,list_3,1050.0,3.0,31.0,2.0,10.0,3.0,7.0,True,False,0.001488095238095238,0.03125,0.15625,0.046875,0.109375,1.0,0.9836309523809523,0.8984375,0.9410342261904762
sortbench,basic,v1.0,gpt-4o-mini,English,64,list_4,950.0,10.0,33.0,6.0,6.0,1.0,5.0,True,False,0.00496031746031746,0.09375,0.09375,0.015625,0.078125,1.0,0.9506448412698413,0.9453125,0.9479786706349207
sortbench,basic,v1.0,gpt-4o-mini,English,64,list_5,867.0,7.0,32.0,6.0,6.0,1.0,5.0,True,False,0.003472222222222222,0.09375,0.09375,0.015625,0.078125,1.0,0.9513888888888888,0.9453125,0.9483506944444444
sortbench,basic,v1.0,gpt-4o-mini,English,64,list_6,1210.0,9.0,32.0,7.0,5.0,2.0,3.0,True,False,0.004464285714285714,0.109375,0.078125,0.03125,0.046875,1.0,0.9430803571428571,0.9453125,0.9441964285714286
sortbench,basic,v1.0,gpt-4o-mini,English,64,list_7,967.0,10.0,33.0,7.0,9.0,2.0,7.0,True,False,0.00496031746031746,0.109375,0.140625,0.03125,0.109375,1.0,0.9428323412698413,0.9140625,0.9284474206349207
sortbench,basic,v1.0,gpt-4o-mini,English,64,list_8,990.0,10.0,29.0,8.0,8.0,3.0,5.0,True,False,0.00496031746031746,0.125,0.125,0.046875,0.078125,1.0,0.9350198412698413,0.9140625,0.9245411706349207
sortbench,basic,v1.0,gpt-4o-mini,English,64,list_9,905.0,14.0,32.0,10.0,7.0,0.0,7.0,True,False,0.006944444444444444,0.15625,0.109375,0.0,0.109375,1.0,0.9184027777777778,0.9453125,0.9318576388888888
sortbench,basic,v1.0,gpt-4o-mini,English,64,list_10,1024.0,5.0,31.0,5.0,5.0,0.0,5.0,True,False,0.00248015873015873,0.078125,0.078125,0.0,0.078125,1.0,0.9596974206349206,0.9609375,0.9603174603174602
sortbench,basic,v1.0,gpt-4o,English,32,list_1,243.0,0.0,16.0,0.0,0.0,0.0,0.0,True,False,0.0,0.0,0.0,0.0,0.0,1.0,1.0,1.0,1.0
sortbench,basic,v1.0,gpt-4o,English,32,list_2,265.0,0.0,15.0,0.0,0.0,0.0,0.0,True,False,0.0,0.0,0.0,0.0,0.0,1.0,1.0,1.0,1.0
sortbench,basic,v1.0,gpt-4o,English,32,list_3,258.0,2.0,17.0,2.0,0.0,0.0,0.0,True,False,0.004032258064516129,0.0625,0.0,0.0,0.0,1.0,0.966733870967742,1.0,0.983366935483871
sortbench,basic,v1.0,gpt-4o,English,32,list_4,268.0,0.0,12.0,0.0,0.0,0.0,0.0,True,False,0.0,0.0,0.0,0.0,0.0,1.0,1.0,1.0,1.0
sortbench,basic,v1.0,gpt-4o,English,32,list_5,244.0,2.0,16.0,2.0,0.0,0.0,0.0,True,False,0.004032258064516129,0.0625,0.0,0.0,0.0,1.0,0.966733870967742,1.0,0.983366935483871
sortbench,basic,v1.0,gpt-4o,English,32,list_6,231.0,1.0,17.0,1.0,0.0,0.0,0.0,True,False,0.0020161290322580645,0.03125,0.0,0.0,0.0,1.0,0.983366935483871,1.0,0.9916834677419355
sortbench,basic,v1.0,gpt-4o,English,32,list_7,284.0,0.0,16.0,0.0,0.0,0.0,0.0,True,False,0.0,0.0,0.0,0.0,0.0,1.0,1.0,1.0,1.0
sortbench,basic,v1.0,gpt-4o,English,32,list_8,291.0,1.0,16.0,1.0,0.0,0.0,0.0,True,False,0.0020161290322580645,0.03125,0.0,0.0,0.0,1.0,0.983366935483871,1.0,0.9916834677419355
sortbench,basic,v1.0,gpt-4o,English,32,list_9,296.0,1.0,20.0,1.0,0.0,0.0,0.0,True,False,0.0020161290322580645,0.03125,0.0,0.0,0.0,1.0,0.983366935483871,1.0,0.9916834677419355
sortbench,basic,v1.0,gpt-4o,English,32,list_10,269.0,0.0,15.0,0.0,0.0,0.0,0.0,True,False,0.0,0.0,0.0,0.0,0.0,1.0,1.0,1.0,1.0
sortbench,basic,v1.0,gpt-4o-mini,English,32,list_1,243.0,1.0,16.0,1.0,1.0,1.0,0.0,True,False,0.0020161290322580645,0.03125,0.03125,0.03125,0.0,1.0,0.983366935483871,0.96875,0.9760584677419355
sortbench,basic,v1.0,gpt-4o-mini,English,32,list_2,265.0,2.0,15.0,2.0,1.0,1.0,0.0,True,False,0.004032258064516129,0.0625,0.03125,0.03125,0.0,1.0,0.966733870967742,0.96875,0.967741935483871
sortbench,basic,v1.0,gpt-4o-mini,English,32,list_3,258.0,3.0,17.0,3.0,1.0,0.0,1.0,True,False,0.006048387096774193,0.09375,0.03125,0.0,0.03125,1.0,0.9501008064516129,0.984375,0.9672379032258065
sortbench,basic,v1.0,gpt-4o-mini,English,32,list_4,268.0,3.0,12.0,2.0,2.0,1.0,1.0,True,False,0.006048387096774193,0.0625,0.0625,0.03125,0.03125,1.0,0.9657258064516129,0.953125,0.9594254032258065
sortbench,basic,v1.0,gpt-4o-mini,English,32,list_5,244.0,2.0,16.0,2.0,2.0,1.0,1.0,True,False,0.004032258064516129,0.0625,0.0625,0.03125,0.03125,1.0,0.966733870967742,0.953125,0.959929435483871
sortbench,basic,v1.0,gpt-4o-mini,English,32,list_6,231.0,10.0,17.0,2.0,2.0,0.0,2.0,True,False,0.020161290322580645,0.0625,0.0625,0.0,0.0625,1.0,0.9586693548387096,0.96875,0.9637096774193548
sortbench,basic,v1.0,gpt-4o-mini,English,32,list_7,284.0,6.0,16.0,2.0,3.0,0.0,3.0,True,False,0.012096774193548387,0.0625,0.09375,0.0,0.09375,1.0,0.9627016129032258,0.953125,0.9579133064516129
sortbench,basic,v1.0,gpt-4o-mini,English,32,list_8,291.0,1.0,16.0,1.0,3.0,1.0,2.0,True,False,0.0020161290322580645,0.03125,0.09375,0.03125,0.0625,1.0,0.983366935483871,0.9375,0.9604334677419355
sortbench,basic,v1.0,gpt-4o-mini,English,32,list_9,296.0,2.0,20.0,2.0,1.0,0.0,1.0,True,False,0.004032258064516129,0.0625,0.03125,0.0,0.03125,1.0,0.966733870967742,0.984375,0.975554435483871
sortbench,basic,v1.0,gpt-4o-mini,English,32,list_10,269.0,6.0,15.0,4.0,1.0,0.0,1.0,True,False,0.012096774193548387,0.125,0.03125,0.0,0.03125,1.0,0.9314516129032258,0.984375,0.9579133064516129
sortbench,basic,v1.0,gpt-4o,Float-0:1000,2,list_1,0.0,0.0,0.0,0.0,0.0,0.0,0.0,True,False,0.0,0.0,0.0,0.0,0.0,1.0,1.0,1.0,1.0
sortbench,basic,v1.0,gpt-4o,Float-0:1000,2,list_2,0.0,0.0,0.0,0.0,0.0,0.0,0.0,True,False,0.0,0.0,0.0,0.0,0.0,1.0,1.0,1.0,1.0
sortbench,basic,v1.0,gpt-4o,Float-0:1000,2,list_3,1.0,0.0,1.0,0.0,0.0,0.0,0.0,True,False,0.0,0.0,0.0,0.0,0.0,1.0,1.0,1.0,1.0
sortbench,basic,v1.0,gpt-4o,Float-0:1000,2,list_4,1.0,0.0,1.0,0.0,0.0,0.0,0.0,True,False,0.0,0.0,0.0,0.0,0.0,1.0,1.0,1.0,1.0
sortbench,basic,v1.0,gpt-4o,Float-0:1000,2,list_5,1.0,0.0,1.0,0.0,0.0,0.0,0.0,True,False,0.0,0.0,0.0,0.0,0.0,1.0,1.0,1.0,1.0
sortbench,basic,v1.0,gpt-4o,Float-0:1000,2,list_6,1.0,0.0,1.0,0.0,0.0,0.0,0.0,True,False,0.0,0.0,0.0,0.0,0.0,1.0,1.0,1.0,1.0
sortbench,basic,v1.0,gpt-4o,Float-0:1000,2,list_7,1.0,0.0,1.0,0.0,0.0,0.0,0.0,True,False,0.0,0.0,0.0,0.0,0.0,1.0,1.0,1.0,1.0
sortbench,basic,v1.0,gpt-4o,Float-0:1000,2,list_8,1.0,0.0,1.0,0.0,0.0,0.0,0.0,True,False,0.0,0.0,0.0,0.0,0.0,1.0,1.0,1.0,1.0
sortbench,basic,v1.0,gpt-4o,Float-0:1000,2,list_9,0.0,0.0,0.0,0.0,0.0,0.0,0.0,True,False,0.0,0.0,0.0,0.0,0.0,1.0,1.0,1.0,1.0
sortbench,basic,v1.0,gpt-4o,Float-0:1000,2,list_10,1.0,0.0,1.0,0.0,0.0,0.0,0.0,True,False,0.0,0.0,0.0,0.0,0.0,1.0,1.0,1.0,1.0
sortbench,basic,v1.0,gpt-4o-mini,Float-0:1000,2,list_1,0.0,0.0,0.0,0.0,0.0,0.0,0.0,True,False,0.0,0.0,0.0,0.0,0.0,1.0,1.0,1.0,1.0
sortbench,basic,v1.0,gpt-4o-mini,Float-0:1000,2,list_2,0.0,0.0,0.0,0.0,0.0,0.0,0.0,True,False,0.0,0.0,0.0,0.0,0.0,1.0,1.0,1.0,1.0
sortbench,basic,v1.0,gpt-4o-mini,Float-0:1000,2,list_3,1.0,0.0,1.0,0.0,0.0,0.0,0.0,True,False,0.0,0.0,0.0,0.0,0.0,1.0,1.0,1.0,1.0
sortbench,basic,v1.0,gpt-4o-mini,Float-0:1000,2,list_4,1.0,0.0,1.0,0.0,0.0,0.0,0.0,True,False,0.0,0.0,0.0,0.0,0.0,1.0,1.0,1.0,1.0
sortbench,basic,v1.0,gpt-4o-mini,Float-0:1000,2,list_5,1.0,0.0,1.0,0.0,0.0,0.0,0.0,True,False,0.0,0.0,0.0,0.0,0.0,1.0,1.0,1.0,1.0
sortbench,basic,v1.0,gpt-4o-mini,Float-0:1000,2,list_6,1.0,0.0,1.0,0.0,0.0,0.0,0.0,True,False,0.0,0.0,0.0,0.0,0.0,1.0,1.0,1.0,1.0
sortbench,basic,v1.0,gpt-4o-mini,Float-0:1000,2,list_7,1.0,0.0,1.0,0.0,0.0,0.0,0.0,True,False,0.0,0.0,0.0,0.0,0.0,1.0,1.0,1.0,1.0
sortbench,basic,v1.0,gpt-4o-mini,Float-0:1000,2,list_8,1.0,0.0,1.0,0.0,0.0,0.0,0.0,True,False,0.0,0.0,0.0,0.0,0.0,1.0,1.0,1.0,1.0
sortbench,basic,v1.0,gpt-4o-mini,Float-0:1000,2,list_9,0.0,0.0,0.0,0.0,0.0,0.0,0.0,True,False,0.0,0.0,0.0,0.0,0.0,1.0,1.0,1.0,1.0
sortbench,basic,v1.0,gpt-4o-mini,Float-0:1000,2,list_10,1.0,0.0,1.0,0.0,0.0,0.0,0.0,True,False,0.0,0.0,0.0,0.0,0.0,1.0,1.0,1.0,1.0
sortbench,basic,v1.0,gpt-4o,Float-0:1000,128,list_1,3684.0,0.0,59.0,0.0,0.0,0.0,0.0,True,False,0.0,0.0,0.0,0.0,0.0,1.0,1.0,1.0,1.0
sortbench,basic,v1.0,gpt-4o,Float-0:1000,128,list_2,4521.0,0.0,58.0,0.0,1.0,0.0,1.0,True,False,0.0,0.0,0.0078125,0.0,0.0078125,1.0,1.0,0.99609375,0.998046875
sortbench,basic,v1.0,gpt-4o,Float-0:1000,128,list_3,3891.0,0.0,66.0,0.0,0.0,0.0,0.0,True,False,0.0,0.0,0.0,0.0,0.0,1.0,1.0,1.0,1.0
sortbench,basic,v1.0,gpt-4o,Float-0:1000,128,list_4,3970.0,0.0,57.0,0.0,1.0,0.0,1.0,True,False,0.0,0.0,0.0078125,0.0,0.0078125,1.0,1.0,0.99609375,0.998046875
sortbench,basic,v1.0,gpt-4o,Float-0:1000,128,list_5,4168.0,0.0,66.0,0.0,0.0,0.0,0.0,True,False,0.0,0.0,0.0,0.0,0.0,1.0,1.0,1.0,1.0
sortbench,basic,v1.0,gpt-4o,Float-0:1000,128,list_6,3943.0,0.0,63.0,0.0,0.0,0.0,0.0,True,False,0.0,0.0,0.0,0.0,0.0,1.0,1.0,1.0,1.0
sortbench,basic,v1.0,gpt-4o,Float-0:1000,128,list_7,3990.0,0.0,66.0,0.0,0.0,0.0,0.0,True,False,0.0,0.0,0.0,0.0,0.0,1.0,1.0,1.0,1.0
sortbench,basic,v1.0,gpt-4o,Float-0:1000,128,list_8,3920.0,0.0,61.0,0.0,0.0,0.0,0.0,True,False,0.0,0.0,0.0,0.0,0.0,1.0,1.0,1.0,1.0
sortbench,basic,v1.0,gpt-4o,Float-0:1000,128,list_9,3961.0,0.0,67.0,0.0,0.0,0.0,0.0,True,False,0.0,0.0,0.0,0.0,0.0,1.0,1.0,1.0,1.0
sortbench,basic,v1.0,gpt-4o,Float-0:1000,128,list_10,4267.0,0.0,64.0,0.0,0.0,0.0,0.0,True,False,0.0,0.0,0.0,0.0,0.0,1.0,1.0,1.0,1.0
sortbench,basic,v1.0,gpt-4o-mini,Float-0:1000,128,list_1,3684.0,0.0,59.0,0.0,4.0,7.0,-3.0,True,False,0.0,0.0,0.03125,0.0546875,0.0234375,1.0,1.0,0.95703125,0.978515625
sortbench,basic,v1.0,gpt-4o-mini,Float-0:1000,128,list_2,4521.0,2.0,58.0,2.0,2.0,0.0,2.0,True,False,0.00024606299212598425,0.015625,0.015625,0.0,0.015625,1.0,0.992064468503937,0.9921875,0.9921259842519685
sortbench,basic,v1.0,gpt-4o-mini,Float-0:1000,128,list_3,3891.0,1.0,66.0,1.0,7.0,3.0,4.0,True,False,0.00012303149606299212,0.0078125,0.0546875,0.0234375,0.03125,1.0,0.9960322342519685,0.9609375,0.9784848671259843
sortbench,basic,v1.0,gpt-4o-mini,Float-0:1000,128,list_4,3970.0,1.0,57.0,1.0,7.0,3.0,4.0,True,False,0.00012303149606299212,0.0078125,0.0546875,0.0234375,0.03125,1.0,0.9960322342519685,0.9609375,0.9784848671259843
sortbench,basic,v1.0,gpt-4o-mini,Float-0:1000,128,list_5,4168.0,4.0,66.0,2.0,12.0,3.0,9.0,True,False,0.0004921259842519685,0.015625,0.09375,0.0234375,0.0703125,1.0,0.9919414370078741,0.94140625,0.966673843503937
sortbench,basic,v1.0,gpt-4o-mini,Float-0:1000,128,list_6,3943.0,2.0,63.0,1.0,4.0,1.0,3.0,True,False,0.00024606299212598425,0.0078125,0.03125,0.0078125,0.0234375,1.0,0.995970718503937,0.98046875,0.9882197342519685
sortbench,basic,v1.0,gpt-4o-mini,Float-0:1000,128,list_7,3990.0,3.0,66.0,3.0,7.0,7.0,0.0,True,False,0.00036909448818897637,0.0234375,0.0546875,0.0546875,0.0,1.0,0.9880967027559056,0.9453125,0.9667046013779528
sortbench,basic,v1.0,gpt-4o-mini,Float-0:1000,128,list_8,3920.0,1.0,61.0,1.0,6.0,1.0,5.0,True,False,0.00012303149606299212,0.0078125,0.046875,0.0078125,0.0390625,1.0,0.9960322342519685,0.97265625,0.9843442421259843
sortbench,basic,v1.0,gpt-4o-mini,Float-0:1000,128,list_9,3961.0,9.0,67.0,2.0,6.0,2.0,4.0,True,False,0.0011072834645669291,0.015625,0.046875,0.015625,0.03125,1.0,0.9916338582677166,0.96875,0.9801919291338583
sortbench,basic,v1.0,gpt-4o-mini,Float-0:1000,128,list_10,4267.0,6.0,64.0,4.0,6.0,1.0,5.0,True,False,0.0007381889763779527,0.03125,0.046875,0.0078125,0.0390625,1.0,0.984005905511811,0.97265625,0.9783310777559056
sortbench,basic,v1.0,gpt-4o,Float-0:1000,8,list_1,20.0,0.0,3.0,0.0,0.0,0.0,0.0,True,False,0.0,0.0,0.0,0.0,0.0,1.0,1.0,1.0,1.0
sortbench,basic,v1.0,gpt-4o,Float-0:1000,8,list_2,15.0,0.0,3.0,0.0,0.0,0.0,0.0,True,False,0.0,0.0,0.0,0.0,0.0,1.0,1.0,1.0,1.0
sortbench,basic,v1.0,gpt-4o,Float-0:1000,8,list_3,8.0,0.0,4.0,0.0,0.0,0.0,0.0,True,False,0.0,0.0,0.0,0.0,0.0,1.0,1.0,1.0,1.0
sortbench,basic,v1.0,gpt-4o,Float-0:1000,8,list_4,14.0,0.0,4.0,0.0,0.0,0.0,0.0,True,False,0.0,0.0,0.0,0.0,0.0,1.0,1.0,1.0,1.0
sortbench,basic,v1.0,gpt-4o,Float-0:1000,8,list_5,12.0,0.0,4.0,0.0,0.0,0.0,0.0,True,False,0.0,0.0,0.0,0.0,0.0,1.0,1.0,1.0,1.0
sortbench,basic,v1.0,gpt-4o,Float-0:1000,8,list_6,15.0,0.0,4.0,0.0,0.0,0.0,0.0,True,False,0.0,0.0,0.0,0.0,0.0,1.0,1.0,1.0,1.0
sortbench,basic,v1.0,gpt-4o,Float-0:1000,8,list_7,11.0,0.0,3.0,0.0,0.0,0.0,0.0,True,False,0.0,0.0,0.0,0.0,0.0,1.0,1.0,1.0,1.0
sortbench,basic,v1.0,gpt-4o,Float-0:1000,8,list_8,11.0,0.0,3.0,0.0,0.0,0.0,0.0,True,False,0.0,0.0,0.0,0.0,0.0,1.0,1.0,1.0,1.0
sortbench,basic,v1.0,gpt-4o,Float-0:1000,8,list_9,17.0,0.0,4.0,0.0,0.0,0.0,0.0,True,False,0.0,0.0,0.0,0.0,0.0,1.0,1.0,1.0,1.0
sortbench,basic,v1.0,gpt-4o,Float-0:1000,8,list_10,14.0,0.0,3.0,0.0,0.0,0.0,0.0,True,False,0.0,0.0,0.0,0.0,0.0,1.0,1.0,1.0,1.0
sortbench,basic,v1.0,gpt-4o-mini,Float-0:1000,8,list_1,20.0,0.0,3.0,0.0,0.0,0.0,0.0,True,False,0.0,0.0,0.0,0.0,0.0,1.0,1.0,1.0,1.0
sortbench,basic,v1.0,gpt-4o-mini,Float-0:1000,8,list_2,15.0,0.0,3.0,0.0,0.0,0.0,0.0,True,False,0.0,0.0,0.0,0.0,0.0,1.0,1.0,1.0,1.0
sortbench,basic,v1.0,gpt-4o-mini,Float-0:1000,8,list_3,8.0,0.0,4.0,0.0,0.0,0.0,0.0,True,False,0.0,0.0,0.0,0.0,0.0,1.0,1.0,1.0,1.0
sortbench,basic,v1.0,gpt-4o-mini,Float-0:1000,8,list_4,14.0,0.0,4.0,0.0,0.0,0.0,0.0,True,False,0.0,0.0,0.0,0.0,0.0,1.0,1.0,1.0,1.0
sortbench,basic,v1.0,gpt-4o-mini,Float-0:1000,8,list_5,12.0,0.0,4.0,0.0,0.0,0.0,0.0,True,False,0.0,0.0,0.0,0.0,0.0,1.0,1.0,1.0,1.0
sortbench,basic,v1.0,gpt-4o-mini,Float-0:1000,8,list_6,15.0,0.0,4.0,0.0,0.0,0.0,0.0,True,False,0.0,0.0,0.0,0.0,0.0,1.0,1.0,1.0,1.0
sortbench,basic,v1.0,gpt-4o-mini,Float-0:1000,8,list_7,11.0,0.0,3.0,0.0,0.0,0.0,0.0,True,False,0.0,0.0,0.0,0.0,0.0,1.0,1.0,1.0,1.0
sortbench,basic,v1.0,gpt-4o-mini,Float-0:1000,8,list_8,11.0,0.0,3.0,0.0,0.0,0.0,0.0,True,False,0.0,0.0,0.0,0.0,0.0,1.0,1.0,1.0,1.0
sortbench,basic,v1.0,gpt-4o-mini,Float-0:1000,8,list_9,17.0,0.0,4.0,0.0,0.0,0.0,0.0,True,False,0.0,0.0,0.0,0.0,0.0,1.0,1.0,1.0,1.0
sortbench,basic,v1.0,gpt-4o-mini,Float-0:1000,8,list_10,14.0,0.0,3.0,0.0,0.0,0.0,0.0,True,False,0.0,0.0,0.0,0.0,0.0,1.0,1.0,1.0,1.0
sortbench,basic,v1.0,gpt-4o,English,256,list_1,14209.0,226.0,129.0,14.0,191.0,41.0,150.0,True,False,0.006924019607843137,0.0546875,0.74609375,0.16015625,0.5859375,1.0,0.9691942401960785,0.546875,0.7580346200980392
sortbench,basic,v1.0,gpt-4o,English,256,list_2,17312.0,100.0,118.0,36.0,27.0,8.0,19.0,True,False,0.0030637254901960784,0.140625,0.10546875,0.03125,0.07421875,1.0,0.928155637254902,0.931640625,0.929898131127451
sortbench,basic,v1.0,gpt-4o,English,256,list_3,16758.0,249.0,137.0,41.0,18.0,7.0,11.0,True,False,0.007628676470588235,0.16015625,0.0703125,0.02734375,0.04296875,1.0,0.9161075367647059,0.951171875,0.9336397058823529
sortbench,basic,v1.0,gpt-4o,English,256,list_4,,,,,,,,False,False,,,,,,0.0,,,
sortbench,basic,v1.0,gpt-4o,English,256,list_5,15548.0,33.0,132.0,19.0,19.0,1.0,18.0,True,False,0.001011029411764706,0.07421875,0.07421875,0.00390625,0.0703125,1.0,0.9623851102941177,0.9609375,0.9616613051470588
sortbench,basic,v1.0,gpt-4o,English,256,list_6,16444.0,144.0,130.0,30.0,43.0,13.0,30.0,True,False,0.004411764705882353,0.1171875,0.16796875,0.05078125,0.1171875,1.0,0.9392003676470588,0.890625,0.9149126838235294
sortbench,basic,v1.0,gpt-4o,English,256,list_7,16250.0,39.0,132.0,21.0,20.0,2.0,18.0,True,False,0.0011948529411764707,0.08203125,0.078125,0.0078125,0.0703125,1.0,0.9583869485294118,0.95703125,0.9577090992647059
sortbench,basic,v1.0,gpt-4o,English,256,list_8,15951.0,76.0,118.0,41.0,21.0,15.0,6.0,True,False,0.0023284313725490196,0.16015625,0.08203125,0.05859375,0.0234375,1.0,0.9187576593137254,0.9296875,0.9242225796568627
sortbench,basic,v1.0,gpt-4o,English,256,list_9,16500.0,132.0,125.0,19.0,27.0,3.0,24.0,True,False,0.004044117647058824,0.07421875,0.10546875,0.01171875,0.09375,1.0,0.9608685661764705,0.94140625,0.9511374080882353
sortbench,basic,v1.0,gpt-4o,English,256,list_10,,,,,,,,False,False,,,,,,0.0,,,
sortbench,basic,v1.0,gpt-4o-mini,English,256,list_1,14209.0,49.0,129.0,20.0,83.0,16.0,67.0,True,False,0.0015012254901960785,0.078125,0.32421875,0.0625,0.26171875,1.0,0.960186887254902,0.806640625,0.883413756127451
sortbench,basic,v1.0,gpt-4o-mini,English,256,list_2,17312.0,87.0,118.0,32.0,91.0,23.0,68.0,True,False,0.0026654411764705883,0.125,0.35546875,0.08984375,0.265625,1.0,0.9361672794117647,0.77734375,0.8567555147058823
sortbench,basic,v1.0,gpt-4o-mini,English,256,list_3,16758.0,39.0,137.0,25.0,100.0,29.0,71.0,True,False,0.0011948529411764707,0.09765625,0.390625,0.11328125,0.27734375,1.0,0.9505744485294118,0.748046875,0.8493106617647059
sortbench,basic,v1.0,gpt-4o-mini,English,256,list_4,16482.0,18.0,132.0,14.0,160.0,85.0,75.0,True,False,0.0005514705882352941,0.0546875,0.625,0.33203125,0.29296875,1.0,0.9723805147058824,0.521484375,0.7469324448529412
sortbench,basic,v1.0,gpt-4o-mini,English,256,list_5,15548.0,59.0,132.0,27.0,92.0,40.0,52.0,True,False,0.0018075980392156864,0.10546875,0.359375,0.15625,0.203125,1.0,0.9463618259803922,0.7421875,0.844274662990196
sortbench,basic,v1.0,gpt-4o-mini,English,256,list_6,16444.0,58.0,130.0,21.0,91.0,26.0,65.0,True,False,0.0017769607843137255,0.08203125,0.35546875,0.1015625,0.25390625,1.0,0.9580958946078432,0.771484375,0.8647901348039215
sortbench,basic,v1.0,gpt-4o-mini,English,256,list_7,16250.0,44.0,132.0,25.0,88.0,20.0,68.0,True,False,0.0013480392156862745,0.09765625,0.34375,0.078125,0.265625,1.0,0.9504978553921568,0.7890625,0.8697801776960784
sortbench,basic,v1.0,gpt-4o-mini,English,256,list_8,15951.0,95.0,118.0,36.0,113.0,230.0,-117.0,True,False,0.0029105392156862746,0.140625,0.44140625,0.8984375,0.45703125,1.0,0.9282322303921569,0.330078125,0.6291551776960784
sortbench,basic,v1.0,gpt-4o-mini,English,256,list_9,,,,,,,,False,False,,,,,,0.0,,,
sortbench,basic,v1.0,gpt-4o-mini,English,256,list_10,,,,,,,,False,False,,,,,,0.0,,,
